Book Name,Price,Rating,Url
Storytelling with Data: A Data Visualization Guide for Business Professionals,$19.25,4.6 out of 5 stars,https://www.amazon.com/Storytelling-Data-Visualization-Business-Professionals/dp/1119002257/ref=sr_1_1?crid=27E68Q3L17CGO&keywords=data+analysis&qid=1639660326&sprefix=data+%2Caps%2C420&sr=8-1
Microsoft Excel Data Analysis and Business Modeling (Office 2021 and Microsoft 365),$49.99, ,https://www.amazon.com/Microsoft-Analysis-Business-Modeling-Office/dp/0137613660/ref=sr_1_3?crid=27E68Q3L17CGO&keywords=data+analysis&qid=1639660326&sprefix=data+%2Caps%2C420&sr=8-3
The Art of Data Analysis: Non-Technical Skills for Data Analysts,$14.00,4.5 out of 5 stars,https://www.amazon.com/Art-Data-Analysis-Non-Technical-Analysts/dp/1702688526/ref=sr_1_4?crid=27E68Q3L17CGO&keywords=data+analysis&qid=1639660326&sprefix=data+%2Caps%2C420&sr=8-4
Qualitative Data Analysis: A Methods Sourcebook,$80.75,4.8 out of 5 stars,https://www.amazon.com/Qualitative-Data-Analysis-Methods-Sourcebook/dp/150635307X/ref=sr_1_5?crid=27E68Q3L17CGO&keywords=data+analysis&qid=1639660326&sprefix=data+%2Caps%2C420&sr=8-5
Murach's Python for Data Analysis,$50.14,4.3 out of 5 stars,https://www.amazon.com/Murachs-Python-Analysis-Scott-McCoy/dp/1943872767/ref=sr_1_6?crid=27E68Q3L17CGO&keywords=data+analysis&qid=1639660326&sprefix=data+%2Caps%2C420&sr=8-6
"Data Analysis for Business, Economics, and Policy",$55.24,4.6 out of 5 stars,https://www.amazon.com/Data-Analysis-Business-Economics-Policy/dp/1108716202/ref=sr_1_7?crid=27E68Q3L17CGO&keywords=data+analysis&qid=1639660326&sprefix=data+%2Caps%2C420&sr=8-7
Microsoft Excel 2019 Data Analysis and Business Modeling (Business Skills),$11.92,4.6 out of 5 stars,https://www.amazon.com/Microsoft-Analysis-Business-Modeling-Skills/dp/1509305882/ref=sr_1_8?crid=27E68Q3L17CGO&keywords=data+analysis&qid=1639660326&sprefix=data+%2Caps%2C420&sr=8-8
An Introduction to Statistical Methods and Data Analysis,$42.99,4.2 out of 5 stars,https://www.amazon.com/Introduction-Statistical-Methods-Data-Analysis/dp/1305269470/ref=sr_1_9?crid=27E68Q3L17CGO&keywords=data+analysis&qid=1639660326&sprefix=data+%2Caps%2C420&sr=8-9
SQL for Data Scientists: A Beginner's Guide for Building Datasets for Analysis,$35.89,4.8 out of 5 stars,https://www.amazon.com/SQL-Data-Scientists-Beginners-Building/dp/1119669367/ref=sr_1_10?crid=27E68Q3L17CGO&keywords=data+analysis&qid=1639660326&sprefix=data+%2Caps%2C420&sr=8-10
Excel Data Analysis For Dummies,$15.60,4.5 out of 5 stars,https://www.amazon.com/Excel-Data-Analysis-Dummies-Computer/dp/1119518164/ref=sr_1_11?crid=27E68Q3L17CGO&keywords=data+analysis&qid=1639660326&sprefix=data+%2Caps%2C420&sr=8-11
Python for Excel: A Modern Environment for Automation and Data Analysis,$37.80,4.7 out of 5 stars,https://www.amazon.com/Python-Excel-Environment-Automation-Analysis/dp/1492081000/ref=sr_1_12?crid=27E68Q3L17CGO&keywords=data+analysis&qid=1639660326&sprefix=data+%2Caps%2C420&sr=8-12
Business Analytics: Data Analysis & Decision Making (MindTap Course List),$36.78,4.4 out of 5 stars,https://www.amazon.com/Business-Analytics-Analysis-Decision-MindTap/dp/0357109953/ref=sr_1_13?crid=27E68Q3L17CGO&keywords=data+analysis&qid=1639660326&sprefix=data+%2Caps%2C420&sr=8-13
"Python Programming: The Complete Crash Course for Beginners to Mastering Python with Practical Applications to Data Analysis & Analytics, Machine Learning and Data Science Projects - 6 Manuscripts",$23.95,4.7 out of 5 stars,https://www.amazon.com/Python-Programming-Beginners-Applications-Manuscripts/dp/B098H21CQC/ref=sr_1_14?crid=27E68Q3L17CGO&keywords=data+analysis&qid=1639660326&sprefix=data+%2Caps%2C420&sr=8-14
Data Analysis for Continuous School Improvement,$31.80,4.6 out of 5 stars,https://www.amazon.com/Data-Analysis-Continuous-School-Improvement/dp/1138294624/ref=sr_1_15?crid=27E68Q3L17CGO&keywords=data+analysis&qid=1639660326&sprefix=data+%2Caps%2C420&sr=8-15
Categorical Data Analysis,$32.99,4.7 out of 5 stars,https://www.amazon.com/Categorical-Data-Analysis-Alan-Agresti/dp/0470463635/ref=sr_1_16?crid=27E68Q3L17CGO&keywords=data+analysis&qid=1639660326&sprefix=data+%2Caps%2C420&sr=8-16
Data Analysis Using SQL and Excel,$31.43,4.4 out of 5 stars,https://www.amazon.com/Data-Analysis-Using-SQL-Excel/dp/111902143X/ref=sr_1_17?crid=27E68Q3L17CGO&keywords=data+analysis&qid=1639660326&sprefix=data+%2Caps%2C420&sr=8-17
Statistics and Data Analysis: From Elementary to Intermediate,$35.71,4.4 out of 5 stars,https://www.amazon.com/Statistics-Data-Analysis-Elementary-Intermediate/dp/0137444265/ref=sr_1_18?crid=27E68Q3L17CGO&keywords=data+analysis&qid=1639660326&sprefix=data+%2Caps%2C420&sr=8-18
The Art of Statistics: How to Learn from Data,$19.47,4.7 out of 5 stars,https://www.amazon.com/Art-Statistics-How-Learn-Data/dp/1541618513/ref=sr_1_19?crid=27E68Q3L17CGO&keywords=data+analysis&qid=1639660326&sprefix=data+%2Caps%2C420&sr=8-19
SQL for Data Analysis: Advanced Techniques for Transforming Data into Insights,$44.94, ,https://www.amazon.com/SQL-Data-Analysis-Techniques-Transforming/dp/1492088781/ref=sr_1_20?crid=27E68Q3L17CGO&keywords=data+analysis&qid=1639660326&sprefix=data+%2Caps%2C420&sr=8-20
Statistics and Data Analysis for Nursing Research,$30.54,4.3 out of 5 stars,https://www.amazon.com/Statistics-Data-Analysis-Nursing-Research/dp/0135085071/ref=sr_1_21?crid=27E68Q3L17CGO&keywords=data+analysis&qid=1639660326&sprefix=data+%2Caps%2C420&sr=8-21
"Advanced Statistics in Research: Reading, Understanding, and Writing Up Data Analysis Results",$40.49,4.6 out of 5 stars,https://www.amazon.com/Advanced-Statistics-Research-Understanding-Analysis/dp/0985867000/ref=sr_1_22?crid=27E68Q3L17CGO&keywords=data+analysis&qid=1639660326&sprefix=data+%2Caps%2C420&sr=8-22
"Hands-On Data Analysis with Pandas: A Python data science handbook for data collection, wrangling, analysis, and visualization, 2nd Edition",$35.13,3.8 out of 5 stars,https://www.amazon.com/Hands-Data-Analysis-Pandas-visualization/dp/1800563450/ref=sr_1_25?crid=27E68Q3L17CGO&keywords=data+analysis&qid=1639660326&sprefix=data+%2Caps%2C420&sr=8-25
The Data Detective: Ten Easy Rules to Make Sense of Statistics,$22.99,4.5 out of 5 stars,https://www.amazon.com/Data-Detective-Rules-Sense-Statistics/dp/0593084594/ref=sr_1_26?crid=27E68Q3L17CGO&keywords=data+analysis&qid=1639660326&sprefix=data+%2Caps%2C420&sr=8-26
Be Data Literate: The Data Literacy Skills Everyone Needs To Succeed,$15.90,4.4 out of 5 stars,https://www.amazon.com/Be-Data-Literate-Literacy-Everyone/dp/1789668018/ref=sr_1_27?crid=27E68Q3L17CGO&keywords=data+analysis&qid=1639660326&sprefix=data+%2Caps%2C420&sr=8-27
"Ace the Data Science Interview: 201 Real Interview Questions Asked By FAANG, Tech Startups, & Wall Street",$30.32,4.6 out of 5 stars,https://www.amazon.com/Ace-Data-Science-Interview-Questions/dp/0578973839/ref=sr_1_28?crid=27E68Q3L17CGO&keywords=data+analysis&qid=1639660326&sprefix=data+%2Caps%2C420&sr=8-28
Storytelling with Data: Let's Practice!,$27.26,4.7 out of 5 stars,https://www.amazon.com/Storytelling-Data-Cole-Nussbaumer-Knaflic/dp/1119621496/ref=sr_1_29?crid=27E68Q3L17CGO&keywords=data+analysis&qid=1639660326&sprefix=data+%2Caps%2C420&sr=8-29
Thinking Clearly with Data: A Guide to Quantitative Reasoning and Analysis,$29.95,5.0 out of 5 stars,https://www.amazon.com/Thinking-Clearly-Data-Quantitative-Reasoning/dp/0691214352/ref=sr_1_30?crid=27E68Q3L17CGO&keywords=data+analysis&qid=1639660326&sprefix=data+%2Caps%2C420&sr=8-30
"Hands-On Machine Learning with Scikit-Learn, Keras, and TensorFlow: Concepts, Tools, and Techniques to Build Intelligent Systems",$28.33,4.8 out of 5 stars,https://www.amazon.com/Hands-Machine-Learning-Scikit-Learn-TensorFlow/dp/1492032646/ref=sr_1_31?crid=27E68Q3L17CGO&keywords=data+analysis&qid=1639660326&sprefix=data+%2Caps%2C420&sr=8-31
"Tableau Prep Cookbook: Use Tableau Prep to clean, combine, and transform your data for analysis",$39.99,4.6 out of 5 stars,https://www.amazon.com/Tableau-Prep-Cookbook-transform-analysis/dp/1800563760/ref=sr_1_32?crid=27E68Q3L17CGO&keywords=data+analysis&qid=1639660326&sprefix=data+%2Caps%2C420&sr=8-32
Introduction to Statistics: An Intuitive Guide for Analyzing Data and Unlocking Discoveries,$17.99,4.3 out of 5 stars,https://www.amazon.com/Introduction-Statistics-Intuitive-Analyzing-Discoveries/dp/1735431109/ref=sr_1_33?crid=27E68Q3L17CGO&keywords=data+analysis&qid=1639660326&sprefix=data+%2Caps%2C420&sr=8-33
The Analysis of Biological Data,$56.72,4.1 out of 5 stars,https://www.amazon.com/Analysis-Biological-Data-Michael-Whitlock/dp/131922623X/ref=sr_1_35?crid=27E68Q3L17CGO&keywords=data+analysis&qid=1639660326&sprefix=data+%2Caps%2C420&sr=8-35
Behavioral Data Analysis with R and Python: Customer-Driven Data for Real Business Results,$37.74,5.0 out of 5 stars,https://www.amazon.com/Behavioral-Data-Analysis-Python-Customer-Driven/dp/1492061379/ref=sr_1_36?crid=27E68Q3L17CGO&keywords=data+analysis&qid=1639660326&sprefix=data+%2Caps%2C420&sr=8-36
"Econometric Analysis of Cross Section and Panel Data, second edition (The MIT Press)",$115.00,4.5 out of 5 stars,https://www.amazon.com/Econometric-Analysis-Cross-Section-Panel/dp/0262232588/ref=sr_1_37?crid=27E68Q3L17CGO&keywords=data+analysis&qid=1639660326&sprefix=data+%2Caps%2C420&sr=8-37
Business Analytics: Data Analysis & Decision Making,$17.74,4.1 out of 5 stars,https://www.amazon.com/Business-Analytics-Analysis-Decision-Making/dp/1133629601/ref=sr_1_38?crid=27E68Q3L17CGO&keywords=data+analysis&qid=1639660326&sprefix=data+%2Caps%2C420&sr=8-38
"SQL QuickStart Guide: The Simplified Beginner's Guide to Managing, Analyzing, and Manipulating Data With SQL",$18.99,4.5 out of 5 stars,https://www.amazon.com/SQL-QuickStart-Guide-Simplified-Manipulating/dp/1945051752/ref=sr_1_39?crid=27E68Q3L17CGO&keywords=data+analysis&qid=1639660326&sprefix=data+%2Caps%2C420&sr=8-39
"Python Data Analysis: Perform data collection, data processing, wrangling, visualization, and model building using Python, 3rd Edition",$33.24,4.7 out of 5 stars,https://www.amazon.com/Python-Data-Analysis-collection-visualization/dp/1789955246/ref=sr_1_40?crid=27E68Q3L17CGO&keywords=data+analysis&qid=1639660326&sprefix=data+%2Caps%2C420&sr=8-40
"The Data Analysis Workshop: Solve business problems with state-of-the-art data analysis models, developing expert data analysis skills along the way",$34.99,4.4 out of 5 stars,https://www.amazon.com/Data-Analysis-Workshop-state-art/dp/1839211385/ref=sr_1_41?crid=27E68Q3L17CGO&keywords=data+analysis&qid=1639660326&sprefix=data+%2Caps%2C420&sr=8-41
"Doing Bayesian Data Analysis: A Tutorial with R, JAGS, and Stan",$38.18,4.6 out of 5 stars,https://www.amazon.com/Doing-Bayesian-Data-Analysis-Tutorial/dp/0124058884/ref=sr_1_42?crid=27E68Q3L17CGO&keywords=data+analysis&qid=1639660326&sprefix=data+%2Caps%2C420&sr=8-42
"An Introduction to Categorical Data Analysis, 3rd Edition (Wiley Series in Probability and Statistics)",$35.30,4.4 out of 5 stars,https://www.amazon.com/Introduction-Categorical-Analysis-Probability-Statistics/dp/1119405262/ref=sr_1_43?crid=27E68Q3L17CGO&keywords=data+analysis&qid=1639660326&sprefix=data+%2Caps%2C420&sr=8-43
"Applied Spatial Data Analysis with R (Use R!, 10)",$52.18,4.4 out of 5 stars,https://www.amazon.com/Applied-Spatial-Data-Analysis-Use/dp/1461476178/ref=sr_1_44?crid=27E68Q3L17CGO&keywords=data+analysis&qid=1639660326&sprefix=data+%2Caps%2C420&sr=8-44
"Multivariate Data Analysis, 8th edition",$43.96,4.4 out of 5 stars,https://www.amazon.com/Multivariate-Analysis-Joseph-Anderson-William/dp/9353501350/ref=sr_1_46?crid=27E68Q3L17CGO&keywords=data+analysis&qid=1639660326&sprefix=data+%2Caps%2C420&sr=8-46
Qualitative Data Analysis: Practical Strategies,$40.00,5.0 out of 5 stars,https://www.amazon.com/Qualitative-Data-Analysis-Practical-Strategies-ebook/dp/B087QLT8JK/ref=sr_1_47?crid=27E68Q3L17CGO&keywords=data+analysis&qid=1639660326&sprefix=data+%2Caps%2C420&sr=8-47
Geographical Data Science and Spatial Data Analysis: An Introduction in R (Spatial Analytics and GIS),$46.54,4.3 out of 5 stars,https://www.amazon.com/Geographical-Data-Science-Spatial-Analysis/dp/1526449366/ref=sr_1_48?crid=27E68Q3L17CGO&keywords=data+analysis&qid=1639660326&sprefix=data+%2Caps%2C420&sr=8-48
"Python for Data Analysis: A Beginners Guide to Master the Fundamentals of Data Science and Data Analysis by Using Pandas, Numpy and Ipython",$17.97,4.6 out of 5 stars,https://www.amazon.com/Python-Data-Analysis-Beginners-Fundamentals/dp/B09DMP86NY/ref=sr_1_49?crid=27E68Q3L17CGO&keywords=data+analysis&qid=1639660332&sprefix=data+%2Caps%2C420&sr=8-49
Modes of Thinking for Qualitative Data Analysis,$34.99,4.9 out of 5 stars,https://www.amazon.com/Modes-Thinking-Qualitative-Data-Analysis/dp/1629581798/ref=sr_1_50?crid=27E68Q3L17CGO&keywords=data+analysis&qid=1639660332&sprefix=data+%2Caps%2C420&sr=8-50
Applied Survey Data Analysis (Chapman & Hall/CRC Statistics in the Social and Behavioral Sciences),$39.91,4.8 out of 5 stars,https://www.amazon.com/Applied-Analysis-Statistics-Behavioral-Sciences/dp/1498761607/ref=sr_1_51?crid=27E68Q3L17CGO&keywords=data+analysis&qid=1639660332&sprefix=data+%2Caps%2C420&sr=8-51
Qualitative Data Analysis with NVivo,$38.00,4.6 out of 5 stars,https://www.amazon.com/Qualitative-Data-Analysis-with-NVivo/dp/1526449943/ref=sr_1_52?crid=27E68Q3L17CGO&keywords=data+analysis&qid=1639660332&sprefix=data+%2Caps%2C420&sr=8-52
Data Analysis: A Bayesian Tutorial,$27.73,4.6 out of 5 stars,https://www.amazon.com/Data-Analysis-Bayesian-Devinderjit-Sivia/dp/0198568320/ref=sr_1_53?crid=27E68Q3L17CGO&keywords=data+analysis&qid=1639660332&sprefix=data+%2Caps%2C420&sr=8-53
Analyzing and Interpreting Qualitative Research: After the Interview,$60.00,5.0 out of 5 stars,https://www.amazon.com/Analyzing-Interpreting-Qualitative-Research-Interview/dp/1544395876/ref=sr_1_54?crid=27E68Q3L17CGO&keywords=data+analysis&qid=1639660332&sprefix=data+%2Caps%2C420&sr=8-54
Bayesian Data Analysis for the Behavioral and Neural Sciences,$64.99, ,https://www.amazon.com/Bayesian-Analysis-Behavioral-Neural-Sciences/dp/1108812902/ref=sr_1_55?crid=27E68Q3L17CGO&keywords=data+analysis&qid=1639660332&sprefix=data+%2Caps%2C420&sr=8-55
"Data Analysis: A Model Comparison Approach To Regression, ANOVA, and Beyond, Third Edition",$33.97,4.3 out of 5 stars,https://www.amazon.com/Data-Analysis-Comparison-Approach-Regression/dp/1138819832/ref=sr_1_56?crid=27E68Q3L17CGO&keywords=data+analysis&qid=1639660332&sprefix=data+%2Caps%2C420&sr=8-56
"Selecting the Right Analyses for Your Data: Quantitative, Qualitative, and Mixed Methods",$38.14,4.3 out of 5 stars,https://www.amazon.com/Selecting-Right-Analyses-Your-Data/dp/1462515762/ref=sr_1_57?crid=27E68Q3L17CGO&keywords=data+analysis&qid=1639660332&sprefix=data+%2Caps%2C420&sr=8-57
Microsoft Excel Data Analysis and Business Modeling,$15.92,4.6 out of 5 stars,https://www.amazon.com/Microsoft-Excel-Analysis-Business-Modeling/dp/1509304215/ref=sr_1_58?crid=27E68Q3L17CGO&keywords=data+analysis&qid=1639660332&sprefix=data+%2Caps%2C420&sr=8-58
Statistics and Data Analysis for Financial Engineering: with R examples (Springer Texts in Statistics),$30.52,4.2 out of 5 stars,https://www.amazon.com/Statistics-Data-Analysis-Financial-Engineering/dp/1493926136/ref=sr_1_59?crid=27E68Q3L17CGO&keywords=data+analysis&qid=1639660332&sprefix=data+%2Caps%2C420&sr=8-59
Data Structures & Algorithm Analysis in C++,$54.98,4.2 out of 5 stars,https://www.amazon.com/Data-Structures-Algorithm-Analysis-C/dp/013284737X/ref=sr_1_60?crid=27E68Q3L17CGO&keywords=data+analysis&qid=1639660332&sprefix=data+%2Caps%2C420&sr=8-60
Practical Data Analysis Using Jupyter Notebook: Learn how to speak the language of data by extracting useful and actionable insights using Python,$34.99,3.8 out of 5 stars,https://www.amazon.com/Practical-Analysis-Using-Jupyter-Notebook/dp/1838826033/ref=sr_1_61?crid=27E68Q3L17CGO&keywords=data+analysis&qid=1639660332&sprefix=data+%2Caps%2C420&sr=8-61
Statistical Analysis of Microbiome Data (Frontiers in Probability and the Statistical Sciences),$139.99, ,https://www.amazon.com/Statistical-Analysis-Microbiome-Frontiers-Probability/dp/3030733505/ref=sr_1_62?crid=27E68Q3L17CGO&keywords=data+analysis&qid=1639660332&sprefix=data+%2Caps%2C420&sr=8-62
Big Data in Practice: How 45 Successful Companies Used Big Data Analytics to Deliver Extraordinary Results,$0.00,4.0 out of 5 stars,https://www.amazon.com/Big-Data-in-Practice-Bernard-Marr-audiobook/dp/B074KNTR7B/ref=sr_1_63?crid=27E68Q3L17CGO&keywords=data+analysis&qid=1639660332&sprefix=data+%2Caps%2C420&sr=8-63
Topological Data Analysis with Applications,$49.99, ,https://www.amazon.com/Topological-Analysis-Applications-Gunnar-Carlsson/dp/1108838650/ref=sr_1_64?crid=27E68Q3L17CGO&keywords=data+analysis&qid=1639660332&sprefix=data+%2Caps%2C420&sr=8-64
"An Introduction to Data Analysis: Quantitative, Qualitative and Mixed Methods",$36.57,4.7 out of 5 stars,https://www.amazon.com/Introduction-Data-Analysis-Quantitative-Qualitative/dp/144629515X/ref=sr_1_65?crid=27E68Q3L17CGO&keywords=data+analysis&qid=1639660332&sprefix=data+%2Caps%2C420&sr=8-65
"Analysis Techniques for Racecar Data Acquisition, Second Edition",$109.95,4.8 out of 5 stars,https://www.amazon.com/Analysis-Techniques-Racecar-Data-Aquisition/dp/0768064597/ref=sr_1_66?crid=27E68Q3L17CGO&keywords=data+analysis&qid=1639660332&sprefix=data+%2Caps%2C420&sr=8-66
Excel Data Analysis For Dummies (For Dummies (Computer/Tech)),$39.99, ,https://www.amazon.com/Excel-Data-Analysis-Dummies-Computer/dp/1119844428/ref=sr_1_67?crid=27E68Q3L17CGO&keywords=data+analysis&qid=1639660332&sprefix=data+%2Caps%2C420&sr=8-67
A Primer in Biological Data Analysis and Visualization Using R,$38.00,4.2 out of 5 stars,https://www.amazon.com/Primer-Biological-Analysis-Visualization-Using/dp/023120213X/ref=sr_1_68?crid=27E68Q3L17CGO&keywords=data+analysis&qid=1639660332&sprefix=data+%2Caps%2C420&sr=8-68
"Decision Making Handbook: Decision Trees, Management Science, Strategy, Risk Analysis, Data Engineering Tactics, Organizations Systems, Leadership, Problem Solving Principles, Theory & Approaches.",$24.99,5.0 out of 5 stars,https://www.amazon.com/Decision-Making-Handbook-Engineering-Organizations/dp/B09GZT3D6P/ref=sr_1_69?crid=27E68Q3L17CGO&keywords=data+analysis&qid=1639660332&sprefix=data+%2Caps%2C420&sr=8-69
Analysis of Longitudinal Data (Oxford Statistical Science Series),$29.78,4.3 out of 5 stars,https://www.amazon.com/Analysis-Longitudinal-Oxford-Statistical-Science/dp/0199676755/ref=sr_1_71?crid=27E68Q3L17CGO&keywords=data+analysis&qid=1639660332&sprefix=data+%2Caps%2C420&sr=8-71
Introductory Statistics,$0.00,4.4 out of 5 stars,https://www.amazon.com/Introductory-Statistics-Barbara-Illowsk-ebook/dp/B075FF48ST/ref=sr_1_72?crid=27E68Q3L17CGO&keywords=data+analysis&qid=1639660332&sprefix=data+%2Caps%2C420&sr=8-72
Data Analysis in High Energy Physics: A Practical Guide to Statistical Methods,$84.00,4.8 out of 5 stars,https://www.amazon.com/Data-Analysis-High-Energy-Physics-ebook/dp/B00EYBOPY8/ref=sr_1_73?crid=27E68Q3L17CGO&keywords=data+analysis&qid=1639660332&sprefix=data+%2Caps%2C420&sr=8-73
"Methods and Data Analysis for Cross-Cultural Research (Culture and Psychology, Series Number 116)",$29.99,5.0 out of 5 stars,https://www.amazon.com/Methods-Analysis-Cross-Cultural-Research-Psychology/dp/1107694671/ref=sr_1_74?crid=27E68Q3L17CGO&keywords=data+analysis&qid=1639660332&sprefix=data+%2Caps%2C420&sr=8-74
"Data Science for Marketing Analytics: A practical guide to forming a killer marketing strategy through data analysis with Python, 2nd Edition",$34.14,4.5 out of 5 stars,https://www.amazon.com/Data-Science-Marketing-Analytics-practical/dp/1800560478/ref=sr_1_75?crid=27E68Q3L17CGO&keywords=data+analysis&qid=1639660332&sprefix=data+%2Caps%2C420&sr=8-75
Data Science for Business: The Most Complete Guide for Beginners to Understand How to Build Machine Learning Models and Master Artificial Intelligence through Python Programming - 4 Books in 1,$0.00,4.0 out of 5 stars,https://www.amazon.com/Data-Science-Beginners-Programming-Learning/dp/B0869Q3Z3H/ref=sr_1_76?crid=27E68Q3L17CGO&keywords=data+analysis&qid=1639660332&sprefix=data+%2Caps%2C420&sr=8-76
"Data Analysis: Visualization, Cloud, Infographic, Computer Science, Statistics, Processing, Charts, Quality, Research, Clipart, Digital Transformation, Machine Learning & Qualitative Analytics.",$0.00,,https://www.amazon.com/Data-Analysis-Visualization-Infographic-Transformation-ebook/dp/B09NDTH5ML/ref=sr_1_77?crid=27E68Q3L17CGO&keywords=data+analysis&qid=1639660332&sprefix=data+%2Caps%2C420&sr=8-77
Python programming: 3 Books in 1: The Complete Beginner’s Guide to Learning the Most Popular Programming Language,$0.00,4.8 out of 5 stars,https://www.amazon.com/Python-programming-Complete-Beginners-Programming-ebook/dp/B08TV3HFXC/ref=sr_1_78?crid=27E68Q3L17CGO&keywords=data+analysis&qid=1639660332&sprefix=data+%2Caps%2C420&sr=8-78
The SAGE Handbook of Qualitative Data Analysis,$195.00,4.7 out of 5 stars,https://www.amazon.com/SAGE-Handbook-Qualitative-Data-Analysis/dp/1446208982/ref=sr_1_79?crid=27E68Q3L17CGO&keywords=data+analysis&qid=1639660332&sprefix=data+%2Caps%2C420&sr=8-79
Avoiding Data Pitfalls: How to Steer Clear of Common Blunders When Working with Data and Presenting Analysis and Visualizations,$32.82,4.6 out of 5 stars,https://www.amazon.com/Avoiding-Data-Pitfalls-presenting-visualizations/dp/1119278163/ref=sr_1_81?crid=27E68Q3L17CGO&keywords=data+analysis&qid=1639660332&sprefix=data+%2Caps%2C420&sr=8-81
Excel 2021: The Step-By-Step Guide to Master Excel in Less than 30 Minutes A Crash Course with Practical Examples and Unique Smart Methods to Become an Expert Your All-In-One Guide,$19.90,5.0 out of 5 stars,https://www.amazon.com/Excel-2021-Step-Step-All/dp/B09KNGDKZN/ref=sr_1_82?crid=27E68Q3L17CGO&keywords=data+analysis&qid=1639660332&sprefix=data+%2Caps%2C420&sr=8-82
Guerrilla Data Analysis Using Microsoft Excel: Conquering Crap Data and Excel Skirmishes,$34.95, ,https://www.amazon.com/Guerrilla-Analysis-Using-Microsoft-Excel/dp/1615470743/ref=sr_1_83?crid=27E68Q3L17CGO&keywords=data+analysis&qid=1639660332&sprefix=data+%2Caps%2C420&sr=8-83
"PYTHON: 2 Books In 1 - Data Science & Programming for Beginners. Get Started from Scratch and Become the Python Expert that Any Company Would Hire (Practical Exercises, Code Snippets, Tips & Tricks)",$0.00,4.9 out of 5 stars,https://www.amazon.com/PYTHON-Programming-Beginners-Practical-Exercises-ebook/dp/B09KPZ2SG9/ref=sr_1_84?crid=27E68Q3L17CGO&keywords=data+analysis&qid=1639660332&sprefix=data+%2Caps%2C420&sr=8-84
Applied Longitudinal Data Analysis: Modeling Change and Event Occurrence,$92.82,4.5 out of 5 stars,https://www.amazon.com/Applied-Longitudinal-Data-Analysis-Occurrence/dp/0195152964/ref=sr_1_86?crid=27E68Q3L17CGO&keywords=data+analysis&qid=1639660332&sprefix=data+%2Caps%2C420&sr=8-86
Dyadic Data Analysis (Methodology in the Social Sciences),$45.00,4.5 out of 5 stars,https://www.amazon.com/Dyadic-Analysis-Methodology-Social-Sciences/dp/1462546137/ref=sr_1_87?crid=27E68Q3L17CGO&keywords=data+analysis&qid=1639660332&sprefix=data+%2Caps%2C420&sr=8-87
Analyzing Neural Time Series Data: Theory and Practice (The MIT Press),$70.00,4.7 out of 5 stars,https://www.amazon.com/Analyzing-Neural-Time-Data-Practice/dp/0262019876/ref=sr_1_88?crid=27E68Q3L17CGO&keywords=data+analysis&qid=1639660332&sprefix=data+%2Caps%2C420&sr=8-88
"Epidemiology: Study Design and Data Analysis, Third Edition (Chapman & Hall/CRC Texts in Statistical Science)",$84.97,4.5 out of 5 stars,https://www.amazon.com/Epidemiology-Analysis-Chapman-Statistical-Science/dp/1439839700/ref=sr_1_89?crid=27E68Q3L17CGO&keywords=data+analysis&qid=1639660332&sprefix=data+%2Caps%2C420&sr=8-89
Adjustment Computations: Spatial Data Analysis,$154.00,4.5 out of 5 stars,https://www.amazon.com/Adjustment-Computations-Spatial-Data-Analysis-ebook/dp/B07666XDCC/ref=sr_1_90?crid=27E68Q3L17CGO&keywords=data+analysis&qid=1639660332&sprefix=data+%2Caps%2C420&sr=8-90
Exploratory Data Analysis (Classic Version) (Pearson Modern Classic),$90.66,4.8 out of 5 stars,https://www.amazon.com/Exploratory-Data-Analysis-Classic-Version/dp/0134995457/ref=sr_1_91?crid=27E68Q3L17CGO&keywords=data+analysis&qid=1639660332&sprefix=data+%2Caps%2C420&sr=8-91
Recovering Black Storytelling in Qualitative Research (Futures of Data Analysis in Qualitative Research),$48.95,5.0 out of 5 stars,https://www.amazon.com/Recovering-Storytelling-Qualitative-Research-Analysis/dp/0367747332/ref=sr_1_92?crid=27E68Q3L17CGO&keywords=data+analysis&qid=1639660332&sprefix=data+%2Caps%2C420&sr=8-92
Individual Participant Data Meta-Analysis: A Handbook for Healthcare Research (Statistics in Practice),$73.41, ,https://www.amazon.com/Evidence-Synthesis-Individual-Participant-Statistics/dp/1119333725/ref=sr_1_93?crid=27E68Q3L17CGO&keywords=data+analysis&qid=1639660332&sprefix=data+%2Caps%2C420&sr=8-93
Regression Analysis: An Intuitive Guide for Using and Interpreting Linear Models,$24.99,4.6 out of 5 stars,https://www.amazon.com/Regression-Analysis-Intuitive-Interpreting-Linear/dp/1735431184/ref=sr_1_94?crid=27E68Q3L17CGO&keywords=data+analysis&qid=1639660332&sprefix=data+%2Caps%2C420&sr=8-94
"Introduction to Mediation, Moderation, and Conditional Process Analysis, Second Edition: A Regression-Based Approach (Methodology in the Social Sciences)",$37.94,4.7 out of 5 stars,https://www.amazon.com/Introduction-Mediation-Moderation-Conditional-Analysis/dp/1462534651/ref=sr_1_96?crid=27E68Q3L17CGO&keywords=data+analysis&qid=1639660332&sprefix=data+%2Caps%2C420&sr=8-96
"Introduction to Mediation, Moderation, and Conditional Process Analysis, Second Edition: A Regression-Based Approach (Methodology in the Social Sciences)",$37.94,4.7 out of 5 stars,https://www.amazon.com/Introduction-Mediation-Moderation-Conditional-Analysis/dp/1462534651/ref=sr_1_97?crid=27E68Q3L17CGO&keywords=data+analysis&qid=1639660339&sprefix=data+%2Caps%2C420&sr=8-97
Mathematical Statistics and Data Analysis,$19.20,4.0 out of 5 stars,https://www.amazon.com/Mathematical-Statistics-Data-Analysis-Rice/dp/8131519546/ref=sr_1_98?crid=27E68Q3L17CGO&keywords=data+analysis&qid=1639660339&sprefix=data+%2Caps%2C420&sr=8-98
Data Analysis with Mplus (Methodology in the Social Sciences),$48.16,4.8 out of 5 stars,https://www.amazon.com/Analysis-Mplus-Methodology-Social-Sciences/dp/1462502458/ref=sr_1_99?crid=27E68Q3L17CGO&keywords=data+analysis&qid=1639660339&sprefix=data+%2Caps%2C420&sr=8-99
Statistical Analysis of Network Data with R (Use R!),$32.17,5.0 out of 5 stars,https://www.amazon.com/Statistical-Analysis-Network-Data-Use/dp/3030441288/ref=sr_1_100?crid=27E68Q3L17CGO&keywords=data+analysis&qid=1639660339&sprefix=data+%2Caps%2C420&sr=8-100
"Digital Marketing: Qualitative Analysis, Data Science, Research Guide, Instrument Design, Implementation, Evaluation, Interactive Approach, Management, Dissertation, Quantitative & Mixed Methods.",$0.00,,https://www.amazon.com/Digital-Marketing-Implementation-Dissertation-Quantitative-ebook/dp/B09NL65TZF/ref=sr_1_101?crid=27E68Q3L17CGO&keywords=data+analysis&qid=1639660339&sprefix=data+%2Caps%2C420&sr=8-101
"Data Analysis and Statistics for Geography, Environmental Science, and Engineering",$69.09,4.5 out of 5 stars,https://www.amazon.com/Analysis-Statistics-Geography-Environmental-Engineering/dp/143988501X/ref=sr_1_102?crid=27E68Q3L17CGO&keywords=data+analysis&qid=1639660339&sprefix=data+%2Caps%2C420&sr=8-102
"Listening to People: A Practical Guide to Interviewing, Participant Observation, Data Analysis, and Writing It All Up (Chicago Guides to Writing, Editing, and Publishing)",$20.00,4.7 out of 5 stars,https://www.amazon.com/Listening-People-Interviewing-Participant-Observation/dp/022680643X/ref=sr_1_103?crid=27E68Q3L17CGO&keywords=data+analysis&qid=1639660339&sprefix=data+%2Caps%2C420&sr=8-103
Data Reduction and Error Analysis for the Physical Sciences,$23.92,4.3 out of 5 stars,https://www.amazon.com/Reduction-Error-Analysis-Physical-Sciences/dp/0072472278/ref=sr_1_104?crid=27E68Q3L17CGO&keywords=data+analysis&qid=1639660339&sprefix=data+%2Caps%2C420&sr=8-104
Python programming: 3 Books in 1: The Complete Beginner’s Guide to Learning the Most Popular Programming Language,$0.00,4.8 out of 5 stars,https://www.amazon.com/Python-programming-Complete-Beginners-Programming-ebook/dp/B08TV3HFXC/ref=sr_1_106?crid=27E68Q3L17CGO&keywords=data+analysis&qid=1639660339&sprefix=data+%2Caps%2C420&sr=8-106
Data Structures and Algorithm Analysis in Java,$27.97,4.3 out of 5 stars,https://www.amazon.com/Data-Structures-Algorithm-Analysis-Java/dp/0132576279/ref=sr_1_107?crid=27E68Q3L17CGO&keywords=data+analysis&qid=1639660339&sprefix=data+%2Caps%2C420&sr=8-107
Qualitative and Mixed Methods Data Analysis Using Dedoose: A Practical Approach for Research Across the Social Sciences,$45.00,4.0 out of 5 stars,https://www.amazon.com/Qualitative-Mixed-Methods-Analysis-Dedoose/dp/1506397816/ref=sr_1_108?crid=27E68Q3L17CGO&keywords=data+analysis&qid=1639660339&sprefix=data+%2Caps%2C420&sr=8-108
"Day Trading: Crypto Currency, Blockchain, Mining, Assets Investment, Technical Data Analysis, Economy Explained, Investing Strategies, Market Revolution, Millionaire Secrets, Profit & Strategy.",$0.00,,https://www.amazon.com/Day-Trading-Blockchain-Investment-Millionaire-ebook/dp/B09NMNB1MV/ref=sr_1_109?crid=27E68Q3L17CGO&keywords=data+analysis&qid=1639660339&sprefix=data+%2Caps%2C420&sr=8-109
"Bayesian Data Analysis in Ecology Using Linear Models with R, BUGS, and Stan",$55.96,4.6 out of 5 stars,https://www.amazon.com/Bayesian-Analysis-Ecology-Linear-Models/dp/0128013702/ref=sr_1_110?crid=27E68Q3L17CGO&keywords=data+analysis&qid=1639660339&sprefix=data+%2Caps%2C420&sr=8-110
SAS Essentials: Mastering SAS for Data Analytics,$45.85,4.6 out of 5 stars,https://www.amazon.com/SAS-Essentials-Mastering-Data-Analytics/dp/111904216X/ref=sr_1_111?crid=27E68Q3L17CGO&keywords=data+analysis&qid=1639660339&sprefix=data+%2Caps%2C420&sr=8-111
Statistical Analysis of Network Data: Methods and Models (Springer Series in Statistics),$90.29,4.6 out of 5 stars,https://www.amazon.com/Statistical-Analysis-Network-Data-Statistics/dp/038788145X/ref=sr_1_112?crid=27E68Q3L17CGO&keywords=data+analysis&qid=1639660339&sprefix=data+%2Caps%2C420&sr=8-112
Capture-Recapture: Parameter Estimation for Open Animal Populations (Statistics for Biology and Health),$25.62, ,https://www.amazon.com/Capture-Recapture-Parameter-Estimation-Populations-Statistics-ebook/dp/B07XTC4JTB/ref=sr_1_113?crid=27E68Q3L17CGO&keywords=data+analysis&qid=1639660339&sprefix=data+%2Caps%2C420&sr=8-113
A PRACTITIONER'S GUIDE TO BUSINESS ANALYTICS: Using Data Analysis Tools to Improve Your Organization’s Decision Making and Strategy,$50.77,4.2 out of 5 stars,https://www.amazon.com/PRACTITIONERS-GUIDE-BUSINESS-ANALYTICS-Organizations/dp/0071807594/ref=sr_1_114?crid=27E68Q3L17CGO&keywords=data+analysis&qid=1639660339&sprefix=data+%2Caps%2C420&sr=8-114
Quantitative Data Analysis: Doing Social Research to Test Ideas,$27.74,4.0 out of 5 stars,https://www.amazon.com/Quantitative-Data-Analysis-Donald-Treiman/dp/0470380039/ref=sr_1_115?crid=27E68Q3L17CGO&keywords=data+analysis&qid=1639660339&sprefix=data+%2Caps%2C420&sr=8-115
MULTIVARIATE DATA ANALYSIS: Using SPSS and AMOS,$24.60,3.5 out of 5 stars,https://www.amazon.com/MULTIVARIATE-DATA-ANALYSIS-Using-SPSS/dp/8180944123/ref=sr_1_116?crid=27E68Q3L17CGO&keywords=data+analysis&qid=1639660339&sprefix=data+%2Caps%2C420&sr=8-116
Data Analysis for the Life Sciences with R,$51.26,4.1 out of 5 stars,https://www.amazon.com/Data-Analysis-Life-Sciences-R/dp/1498775675/ref=sr_1_118?crid=27E68Q3L17CGO&keywords=data+analysis&qid=1639660339&sprefix=data+%2Caps%2C420&sr=8-118
Data Visualization with Excel Dashboards and Reports,$26.60,4.6 out of 5 stars,https://www.amazon.com/Data-Visualization-Excel-Dashboards-Reports/dp/1119698723/ref=sr_1_119?crid=27E68Q3L17CGO&keywords=data+analysis&qid=1639660339&sprefix=data+%2Caps%2C420&sr=8-119
"Personal MBA: Self Management, Business, Digital Marketing, Strategy Development, Design Thinking, Personal Finance, Leadership, Success Skills, Data Analysis, Money, Analytics & Growth Mindset.",$0.00,,https://www.amazon.com/Personal-MBA-Management-Development-Leadership-ebook/dp/B09ND9WKG7/ref=sr_1_120?crid=27E68Q3L17CGO&keywords=data+analysis&qid=1639660339&sprefix=data+%2Caps%2C420&sr=8-120
"How Qualitative Data Analysis Happens: Moving Beyond ""Themes Emerged""",$34.70,4.4 out of 5 stars,https://www.amazon.com/How-Qualitative-Data-Analysis-Happens/dp/1138044679/ref=sr_1_121?crid=27E68Q3L17CGO&keywords=data+analysis&qid=1639660339&sprefix=data+%2Caps%2C420&sr=8-121
"Python for Data Analysis: A Practical Guide for Manipulating, Processing, Cleaning, and Crunching Data Sets in Python. How to Effectively Solve a Wide Range of Data Analysis Problems.",$15.99,4.3 out of 5 stars,https://www.amazon.com/Python-Data-Analysis-Manipulating-Effectively/dp/B08RRBPWGQ/ref=sr_1_122?crid=27E68Q3L17CGO&keywords=data+analysis&qid=1639660339&sprefix=data+%2Caps%2C420&sr=8-122
Performing Data Analysis Using IBM SPSS,$43.99,4.6 out of 5 stars,https://www.amazon.com/Performing-Data-Analysis-Using-SPSS/dp/1118357019/ref=sr_1_123?crid=27E68Q3L17CGO&keywords=data+analysis&qid=1639660339&sprefix=data+%2Caps%2C420&sr=8-123
"High-Dimensional Data Analysis with Low-Dimensional Models: Principles, Computation, and Applications",$79.99, ,https://www.amazon.com/High-Dimensional-Data-Analysis-Low-Dimensional-Models/dp/1108489737/ref=sr_1_124?crid=27E68Q3L17CGO&keywords=data+analysis&qid=1639660339&sprefix=data+%2Caps%2C420&sr=8-124
Data Science from Scratch: First Principles with Python,$42.57,4.4 out of 5 stars,https://www.amazon.com/Data-Science-Scratch-Principles-Python/dp/1492041130/ref=sr_1_126?crid=27E68Q3L17CGO&keywords=data+analysis&qid=1639660339&sprefix=data+%2Caps%2C420&sr=8-126
"Python Crash Course for Data Analysis: A Complete Beginner Guide for Python Coding, NumPy, Pandas and Data Visualization (Machine Learning & Data Science for Beginners)",$17.99,4.1 out of 5 stars,https://www.amazon.com/Python-Crash-Course-Data-Analysis/dp/1733042644/ref=sr_1_127?crid=27E68Q3L17CGO&keywords=data+analysis&qid=1639660339&sprefix=data+%2Caps%2C420&sr=8-127
Tableau Your Data!: Fast and Easy Visual Analysis with Tableau Software,$11.99,4.2 out of 5 stars,https://www.amazon.com/Tableau-Your-Data-Analysis-Software/dp/1119001196/ref=sr_1_128?crid=27E68Q3L17CGO&keywords=data+analysis&qid=1639660339&sprefix=data+%2Caps%2C420&sr=8-128
Applied Missing Data Analysis (Methodology in the Social Sciences),$71.00,4.7 out of 5 stars,https://www.amazon.com/Applied-Missing-Analysis-Methodology-Sciences/dp/1606236393/ref=sr_1_129?crid=27E68Q3L17CGO&keywords=data+analysis&qid=1639660339&sprefix=data+%2Caps%2C420&sr=8-129
"Marketing: Practical Strategy For The Web, Content Writing, Digital Data Analysis, Creation, Design, Curation, Everywhere, Ideas, Management Plan, Optimization Handbook, Rules & Digital Analytics.",$0.00,,https://www.amazon.com/Marketing-Everywhere-Management-Optimization-Analytics-ebook/dp/B09NP34NJR/ref=sr_1_130?crid=27E68Q3L17CGO&keywords=data+analysis&qid=1639660339&sprefix=data+%2Caps%2C420&sr=8-130
"Foundations of Crime Analysis: Data, Analyses, and Mapping",$50.22,4.1 out of 5 stars,https://www.amazon.com/Foundations-Crime-Analysis-Analyses-Mapping/dp/1138860492/ref=sr_1_132?crid=27E68Q3L17CGO&keywords=data+analysis&qid=1639660339&sprefix=data+%2Caps%2C420&sr=8-132
Introduction to Statistics and Data Analysis,$29.49,4.2 out of 5 stars,https://www.amazon.com/Introduction-Statistics-Data-Analysis-Roxy/dp/1337793612/ref=sr_1_133?crid=27E68Q3L17CGO&keywords=data+analysis&qid=1639660339&sprefix=data+%2Caps%2C420&sr=8-133
Business Analytics: Data Analysis & Decision Making - Standalone book,$37.12,4.4 out of 5 stars,https://www.amazon.com/Business-Analytics-Analysis-Decision-Standalone/dp/1305947541/ref=sr_1_134?crid=27E68Q3L17CGO&keywords=data+analysis&qid=1639660339&sprefix=data+%2Caps%2C420&sr=8-134
A Practical Guide to Race Car Data Analysis,$99.95,4.7 out of 5 stars,https://www.amazon.com/Practical-Guide-Race-Data-Analysis/dp/1456587919/ref=sr_1_135?crid=27E68Q3L17CGO&keywords=data+analysis&qid=1639660339&sprefix=data+%2Caps%2C420&sr=8-135
"R Cookbook: Proven Recipes for Data Analysis, Statistics, and Graphics",$50.22,4.5 out of 5 stars,https://www.amazon.com/Cookbook-Recipes-Analysis-Statistics-Graphics/dp/1492040681/ref=sr_1_136?crid=27E68Q3L17CGO&keywords=data+analysis&qid=1639660339&sprefix=data+%2Caps%2C420&sr=8-136
Using R for Data Analysis in Social Sciences: A Research Project-Oriented Approach,$17.95,4.6 out of 5 stars,https://www.amazon.com/Using-Data-Analysis-Social-Sciences/dp/0190656220/ref=sr_1_137?crid=27E68Q3L17CGO&keywords=data+analysis&qid=1639660339&sprefix=data+%2Caps%2C420&sr=8-137
"Digital Marketing: Content Marketing 101, Strategy For The Web, Writing, Data Analysis, Creation, Design, Curation, Everywhere, Ideas, Management Plan, Optimization Handbook, Rules & Analytics.",$0.00,,https://www.amazon.com/Digital-Marketing-Everywhere-Management-Optimization-ebook/dp/B09NMNSDRG/ref=sr_1_138?crid=27E68Q3L17CGO&keywords=data+analysis&qid=1639660339&sprefix=data+%2Caps%2C420&sr=8-138
Theory-Based Data Analysis for the Social Sciences,$22.60,4.7 out of 5 stars,https://www.amazon.com/Theory-Based-Data-Analysis-Social-Sciences-ebook/dp/B00XYFUAGM/ref=sr_1_139?crid=27E68Q3L17CGO&keywords=data+analysis&qid=1639660339&sprefix=data+%2Caps%2C420&sr=8-139
"Visualizing Health and Healthcare Data: Creating Clear and Compelling Visualizations to ""See How You're Doing""",$27.07,4.4 out of 5 stars,https://www.amazon.com/Data-Visualization-Health-Healthcare-Professionals/dp/1119680883/ref=sr_1_140?crid=27E68Q3L17CGO&keywords=data+analysis&qid=1639660339&sprefix=data+%2Caps%2C420&sr=8-140
Python Data Science Handbook: Essential Tools for Working with Data,$37.00,4.6 out of 5 stars,https://www.amazon.com/Python-Data-Science-Handbook-Essential/dp/1491912057/ref=sr_1_141?crid=27E68Q3L17CGO&keywords=data+analysis&qid=1639660339&sprefix=data+%2Caps%2C420&sr=8-141
Spatial Analysis with R,$120.00,5.0 out of 5 stars,https://www.amazon.com/Spatial-Analysis-Statistics-Visualization-Computational/dp/0367860856/ref=sr_1_142?crid=27E68Q3L17CGO&keywords=data+analysis&qid=1639660339&sprefix=data+%2Caps%2C420&sr=8-142
Machine Learning for Time Series Forecasting with Python,$32.30,3.8 out of 5 stars,https://www.amazon.com/Machine-Learning-Time-Forecasting-Python/dp/1119682363/ref=sr_1_143?crid=27E68Q3L17CGO&keywords=data+analysis&qid=1639660339&sprefix=data+%2Caps%2C420&sr=8-143
Statistical Analysis with Missing Data (Wiley Series in Probability and Statistics),$43.28,3.8 out of 5 stars,https://www.amazon.com/Statistical-Analysis-Missing-Probability-Statistics/dp/0470526793/ref=sr_1_144?crid=27E68Q3L17CGO&keywords=data+analysis&qid=1639660339&sprefix=data+%2Caps%2C420&sr=8-144
"Social Statistics: Managing Data, Conducting Analyses, Presenting Results (Sociology Re-Wired)",$37.99,4.3 out of 5 stars,https://www.amazon.com/Social-Statistics-Conducting-Presenting-Sociology/dp/113822863X/ref=sr_1_145?crid=27E68Q3L17CGO&keywords=data+analysis&qid=1639660344&sprefix=data+%2Caps%2C420&sr=8-145
Geographic Information Analysis,$35.88,4.4 out of 5 stars,https://www.amazon.com/Geographic-Information-Analysis-David-OSullivan/dp/0470288574/ref=sr_1_146?crid=27E68Q3L17CGO&keywords=data+analysis&qid=1639660344&sprefix=data+%2Caps%2C420&sr=8-146
"Day Trading : Self Management, Business, Digital Marketing, Strategy Development, Design Thinking, Personal Finance, Leadership, Success Skills, Data Analysis, Money, Analytics & Growth Mindset.",$0.00,,https://www.amazon.com/Day-Trading-Management-Development-Leadership-ebook/dp/B09NL5VY93/ref=sr_1_147?crid=27E68Q3L17CGO&keywords=data+analysis&qid=1639660344&sprefix=data+%2Caps%2C420&sr=8-147
Probability and Computing: Randomization and Probabilistic Techniques in Algorithms and Data Analysis,$44.80,4.4 out of 5 stars,https://www.amazon.com/Probability-Computing-Randomization-Probabilistic-Techniques/dp/110715488X/ref=sr_1_148?crid=27E68Q3L17CGO&keywords=data+analysis&qid=1639660344&sprefix=data+%2Caps%2C420&sr=8-148
"Longitudinal Data Analysis: A Practical Guide for Researchers in Aging, Health, and Social Sciences (Multivariate Applications Series)",$148.85,4.5 out of 5 stars,https://www.amazon.com/Longitudinal-Data-Analysis-Multivariate-Applications/dp/0415874149/ref=sr_1_149?crid=27E68Q3L17CGO&keywords=data+analysis&qid=1639660344&sprefix=data+%2Caps%2C420&sr=8-149
Handbook of Statistical Analysis and Data Mining Applications,$40.71,3.5 out of 5 stars,https://www.amazon.com/Handbook-Statistical-Analysis-Mining-Applications/dp/0124166326/ref=sr_1_151?crid=27E68Q3L17CGO&keywords=data+analysis&qid=1639660344&sprefix=data+%2Caps%2C420&sr=8-151
The Workflow of Data Analysis Using Stata,$56.74,4.6 out of 5 stars,https://www.amazon.com/Workflow-Data-Analysis-Using-Stata/dp/1597180475/ref=sr_1_152?crid=27E68Q3L17CGO&keywords=data+analysis&qid=1639660344&sprefix=data+%2Caps%2C420&sr=8-152
"Theoretical Foundations of Functional Data Analysis, with an Introduction to Linear Operators (Wiley Series in Probability and Statistics)",$68.76,5.0 out of 5 stars,https://www.amazon.com/Theoretical-Foundations-Functional-Introduction-Probability/dp/0470016914/ref=sr_1_153?crid=27E68Q3L17CGO&keywords=data+analysis&qid=1639660344&sprefix=data+%2Caps%2C420&sr=8-153
"Marketing: Research Methodology, Design, Methods, Data Analysis, Questions, Proposal, Report Writing, Quick Reference Guide Handbook, Education, Psychology, Quantitative, Qualitative & Mixed Methods.",$0.00,,https://www.amazon.com/Marketing-Methodology-Psychology-Quantitative-Qualitative-ebook/dp/B09NL57816/ref=sr_1_154?crid=27E68Q3L17CGO&keywords=data+analysis&qid=1639660344&sprefix=data+%2Caps%2C420&sr=8-154
Applying Quantitative Bias Analysis to Epidemiologic Data (Statistics for Biology and Health),$32.70,5.0 out of 5 stars,https://www.amazon.com/Applying-Quantitative-Analysis-Epidemiologic-Statistics-ebook/dp/B008BC0QGM/ref=sr_1_156?crid=27E68Q3L17CGO&keywords=data+analysis&qid=1639660344&sprefix=data+%2Caps%2C420&sr=8-156
"Python for Data Analysis: The Ultimate Guide for Beginners to Master Data Analysis and Analytics with Python using Pandas, Numpy and Ipython (Python Programming)",$5.09, ,https://www.amazon.com/Python-Data-Analysis-Beginners-Programming/dp/1801779090/ref=sr_1_157?crid=27E68Q3L17CGO&keywords=data+analysis&qid=1639660344&sprefix=data+%2Caps%2C420&sr=8-157
Analysis of Categorical Data with R (Chapman & Hall/CRC Texts in Statistical Science),$92.70,4.6 out of 5 stars,https://www.amazon.com/Analysis-Categorical-Chapman-Statistical-Science/dp/1439855676/ref=sr_1_159?crid=27E68Q3L17CGO&keywords=data+analysis&qid=1639660344&sprefix=data+%2Caps%2C420&sr=8-159
Bayesian Ideas and Data Analysis: An Introduction for Scientists and Statisticians (Chapman & Hall/CRC Texts in Statistical Science),$61.67,3.6 out of 5 stars,https://www.amazon.com/Bayesian-Ideas-Data-Analysis-Statisticians/dp/1439803544/ref=sr_1_160?crid=27E68Q3L17CGO&keywords=data+analysis&qid=1639660344&sprefix=data+%2Caps%2C420&sr=8-160
Environmental and Energy Efficiency Evaluation Based on Data Envelopment Analysis (DEA),$26.32, ,https://www.amazon.com/Environmental-Efficiency-Evaluation-Envelopment-Analysis/dp/3036505725/ref=sr_1_161?crid=27E68Q3L17CGO&keywords=data+analysis&qid=1639660344&sprefix=data+%2Caps%2C420&sr=8-161
"Data: Research Methodology, Analysis, Assessing, Experimentation, Exploration, Exploring Assessment, Fact Finding, Checking, Field Work, Inspection, Interpretation, ... Investigation Learning New Things &",$0.00,,https://www.amazon.com/Data-Methodology-Experimentation-Interpretation-Investigation-ebook/dp/B09NGCLB68/ref=sr_1_162?crid=27E68Q3L17CGO&keywords=data+analysis&qid=1639660344&sprefix=data+%2Caps%2C420&sr=8-162
Environmental Data Analysis: An Introduction with Examples in R,$25.62, ,https://www.amazon.com/Environmental-Data-Analysis-Introduction-Examples-ebook/dp/B08R3BJ2RV/ref=sr_1_163?crid=27E68Q3L17CGO&keywords=data+analysis&qid=1639660344&sprefix=data+%2Caps%2C420&sr=8-163
Exam Ref DA-100 Analyzing Data with Microsoft Power BI,$17.90,4.6 out of 5 stars,https://www.amazon.com/Exam-100-Analyzing-Microsoft-Power/dp/0136819680/ref=sr_1_165?crid=27E68Q3L17CGO&keywords=data+analysis&qid=1639660344&sprefix=data+%2Caps%2C420&sr=8-165
Applied Longitudinal Analysis,$63.95,4.3 out of 5 stars,https://www.amazon.com/Applied-Longitudinal-Analysis-Garrett-Fitzmaurice/dp/0470380276/ref=sr_1_167?crid=27E68Q3L17CGO&keywords=data+analysis&qid=1639660344&sprefix=data+%2Caps%2C420&sr=8-167
"Learning SQL: Generate, Manipulate, and Retrieve Data",$27.97,4.6 out of 5 stars,https://www.amazon.com/Learning-SQL-Generate-Manipulate-Retrieve/dp/1492057614/ref=sr_1_168?crid=27E68Q3L17CGO&keywords=data+analysis&qid=1639660344&sprefix=data+%2Caps%2C420&sr=8-168
"Data Analytics for Absolute Beginners: A Deconstructed Guide to Data Literacy: (Introduction to Data, Data Visualization, Business Intelligence & Machine Learning) (Python for Data Science)",$14.50,4.4 out of 5 stars,https://www.amazon.com/Data-Analytics-Absolute-Beginners-Deconstructed/dp/1081762462/ref=sr_1_169?crid=27E68Q3L17CGO&keywords=data+analysis&qid=1639660344&sprefix=data+%2Caps%2C420&sr=8-169
Bayesian Methods for Data Analysis (Chapman & Hall/CRC Texts in Statistical Science Book 78),$22.17,3.6 out of 5 stars,https://www.amazon.com/Bayesian-Methods-Analysis-Chapman-Statistical-ebook/dp/B008GXJR48/ref=sr_1_170?crid=27E68Q3L17CGO&keywords=data+analysis&qid=1639660344&sprefix=data+%2Caps%2C420&sr=8-170
"Data: Research Methodology, Analysis, Assessing, Experimentation, Exploration, Exploring Assessment, Fact Finding, Checking, Field Work, Inspection, Interpretation, ... Investigation, Learning New Things.",$0.00,,https://www.amazon.com/dp/B09NPTDR7Y/ref=sr_1_171?crid=27E68Q3L17CGO&keywords=data+analysis&qid=1639660344&sprefix=data+%2Caps%2C420&sr=8-171
"The Analysis of Biological Data, Second Edition",$13.22,4.5 out of 5 stars,https://www.amazon.com/Analysis-Biological-Data-Michael-Whitlock/dp/1936221489/ref=sr_1_172?crid=27E68Q3L17CGO&keywords=data+analysis&qid=1639660344&sprefix=data+%2Caps%2C420&sr=8-172
Microsoft Excel: Advanced Microsoft Excel Data Analysis for Business,$0.00,3.0 out of 5 stars,https://www.amazon.com/Microsoft-Excel-Advanced-Analysis-Business/dp/B07RDMGJX3/ref=sr_1_173?crid=27E68Q3L17CGO&keywords=data+analysis&qid=1639660344&sprefix=data+%2Caps%2C420&sr=8-173
The Everyday Life of an Algorithm,$0.00,4.4 out of 5 stars,https://www.amazon.com/Everyday-Life-Algorithm-Daniel-Neyland-ebook/dp/B07LFXZF3C/ref=sr_1_175?crid=27E68Q3L17CGO&keywords=data+analysis&qid=1639660344&sprefix=data+%2Caps%2C420&sr=8-175
Hypothesis Testing: An Intuitive Guide for Making Data Driven Decisions,$23.74,4.7 out of 5 stars,https://www.amazon.com/Hypothesis-Testing-Intuitive-Making-Decisions/dp/173543115X/ref=sr_1_177?crid=27E68Q3L17CGO&keywords=data+analysis&qid=1639660344&sprefix=data+%2Caps%2C420&sr=8-177
"Data: Digital Technical Analysis, Charts, Trends, Trading Strategies, Principles, Cryptocurrency, Options, Forex, Growth Stocks, Futures, Investing, Business, Wisdom, Psychology & Capital Markets.",$0.00,,https://www.amazon.com/Data-Strategies-Principles-Cryptocurrency-Psychology-ebook/dp/B09NP39QBM/ref=sr_1_178?crid=27E68Q3L17CGO&keywords=data+analysis&qid=1639660344&sprefix=data+%2Caps%2C420&sr=8-178
T-SQL Window Functions: For data analysis and beyond (Developer Reference),$35.08,4.8 out of 5 stars,https://www.amazon.com/T-SQL-Window-Functions-Developer-Reference/dp/0135861446/ref=sr_1_179?crid=27E68Q3L17CGO&keywords=data+analysis&qid=1639660344&sprefix=data+%2Caps%2C420&sr=8-179
Practical Statistics for Data Scientists: 50+ Essential Concepts Using R and Python,$27.90,4.6 out of 5 stars,https://www.amazon.com/Practical-Statistics-Data-Scientists-Essential/dp/149207294X/ref=sr_1_180?crid=27E68Q3L17CGO&keywords=data+analysis&qid=1639660344&sprefix=data+%2Caps%2C420&sr=8-180
An Introduction to Statistical Learning: with Applications in R (Springer Texts in Statistics),$31.46,4.7 out of 5 stars,https://www.amazon.com/Introduction-Statistical-Learning-Applications-Statistics/dp/1461471370/ref=sr_1_181?crid=27E68Q3L17CGO&keywords=data+analysis&qid=1639660344&sprefix=data+%2Caps%2C420&sr=8-181
"Python Data Analysis: Perform data collection, data processing, wrangling, visualization, and model building using Python, 3rd Edition",$33.24,4.7 out of 5 stars,https://www.amazon.com/Python-Data-Analysis-collection-visualization/dp/1789955246/ref=sr_1_182?crid=27E68Q3L17CGO&keywords=data+analysis&qid=1639660344&sprefix=data+%2Caps%2C420&sr=8-182
Humanities Data Analysis: Case Studies with Python,$42.34,5.0 out of 5 stars,https://www.amazon.com/Humanities-Data-Analysis-Studies-Python/dp/0691172366/ref=sr_1_183?crid=27E68Q3L17CGO&keywords=data+analysis&qid=1639660344&sprefix=data+%2Caps%2C420&sr=8-183
Python for Informatics: Exploring Information: Exploring Information,$0.00,4.5 out of 5 stars,https://www.amazon.com/Python-Informatics-Exploring-Information-ebook/dp/B00K0O8HFQ/ref=sr_1_184?crid=27E68Q3L17CGO&keywords=data+analysis&qid=1639660344&sprefix=data+%2Caps%2C420&sr=8-184
Graphical Data Analysis with R (Chapman & Hall/CRC The R Series),$50.67,4.5 out of 5 stars,https://www.amazon.com/Graphical-Data-Analysis-Chapman-Hall/dp/1498715230/ref=sr_1_185?crid=27E68Q3L17CGO&keywords=data+analysis&qid=1639660344&sprefix=data+%2Caps%2C420&sr=8-185
"Data Science Engineering: Data Design, Structures, Algorithms, Integration, Analysis, Python, SQL, R, SAS, Applications, Monetization, Ethics, Warehouse, Capture, Infrastructure & Certification.",$0.00,,https://www.amazon.com/Data-Science-Engineering-Infrastructure-Certification-ebook/dp/B09NL5YNV2/ref=sr_1_186?crid=27E68Q3L17CGO&keywords=data+analysis&qid=1639660344&sprefix=data+%2Caps%2C420&sr=8-186
"Learning the Pandas Library: Python Tools for Data Munging, Analysis, and Visual",$19.99,4.2 out of 5 stars,https://www.amazon.com/Learning-Pandas-Library-Munging-Analysis/dp/153359824X/ref=sr_1_187?crid=27E68Q3L17CGO&keywords=data+analysis&qid=1639660344&sprefix=data+%2Caps%2C420&sr=8-187
An Introduction to Analysis of Financial Data with R,$81.84,4.3 out of 5 stars,https://www.amazon.com/Introduction-Analysis-Financial-Data/dp/0470890819/ref=sr_1_188?crid=27E68Q3L17CGO&keywords=data+analysis&qid=1639660344&sprefix=data+%2Caps%2C420&sr=8-188
Statistical Analysis of Financial Data: With Examples In R (Chapman & Hall/CRC Texts in Statistical Science),$54.95, ,https://www.amazon.com/Statistical-Analysis-Financial-Data-Examples/dp/1032173467/ref=sr_1_189?crid=27E68Q3L17CGO&keywords=data+analysis&qid=1639660344&sprefix=data+%2Caps%2C420&sr=8-189
Introduction to Data Science: Data Analysis and Prediction Algorithms with R (Chapman & Hall/CRC Data Science Series),$87.86,4.7 out of 5 stars,https://www.amazon.com/Introduction-Data-Science-Prediction-Algorithms/dp/0367357984/ref=sr_1_190?crid=27E68Q3L17CGO&keywords=data+analysis&qid=1639660344&sprefix=data+%2Caps%2C420&sr=8-190
Data Analytics For Beginners: Your Ultimate Guide To Learn and Master Data Analysis. Get Your Business Intelligence Right – Accelerate Growth and Close More Sales (Data Analytics Book Series),$0.00,3.4 out of 5 stars,https://www.amazon.com/Data-Analytics-Beginners-Intelligence-Accelerate-ebook/dp/B071FM45GV/ref=sr_1_191?crid=27E68Q3L17CGO&keywords=data+analysis&qid=1639660344&sprefix=data+%2Caps%2C420&sr=8-191
Network Security Through Data Analysis: From Data to Action,$38.19,4.4 out of 5 stars,https://www.amazon.com/Network-Security-Through-Data-Analysis-ebook/dp/B075H3SCS3/ref=sr_1_192?crid=27E68Q3L17CGO&keywords=data+analysis&qid=1639660344&sprefix=data+%2Caps%2C420&sr=8-192
STATISTICAL METHODS AND DATA ANALYSIS FOR DUMMIES,$11.99, ,https://www.amazon.com/STATISTICAL-METHODS-DATA-ANALYSIS-DUMMIES/dp/B092PB7SN2/ref=sr_1_193?crid=27E68Q3L17CGO&keywords=data+analysis&qid=1639660349&sprefix=data+%2Caps%2C420&sr=8-193
"Python Programming For Beginners: Learn The Basics Of Python Programming (Python Crash Course, Programming for Dummies)",$0.00,4.3 out of 5 stars,https://www.amazon.com/Python-Programming-Beginners-Basics-Dummies-ebook/dp/B07GXZMYWC/ref=sr_1_194?crid=27E68Q3L17CGO&keywords=data+analysis&qid=1639660349&sprefix=data+%2Caps%2C420&sr=8-194
"Marketing: Research Methodology Guide, Design Plan, Data Analysis, Questions, Proposal, Report Writing, Quick Reference Handbook, Education, Psychology, Quantitative, Qualitative & Mixed Methods.",$0.00,,https://www.amazon.com/Marketing-Methodology-Psychology-Quantitative-Qualitative-ebook/dp/B09N8WSJPX/ref=sr_1_195?crid=27E68Q3L17CGO&keywords=data+analysis&qid=1639660349&sprefix=data+%2Caps%2C420&sr=8-195
Data Structures and Algorithms in C++,$0.00,4.3 out of 5 stars,https://www.amazon.com/Data-Structures-Algorithms-Michael-Goodrich/dp/0470383275/ref=sr_1_196?crid=27E68Q3L17CGO&keywords=data+analysis&qid=1639660349&sprefix=data+%2Caps%2C420&sr=8-196
"Law as Data: Computation, Text, and the Future of Legal Analysis",$13.99,4.0 out of 5 stars,https://www.amazon.com/Law-Data-Computation-Future-Analysis/dp/1947864084/ref=sr_1_197?crid=27E68Q3L17CGO&keywords=data+analysis&qid=1639660349&sprefix=data+%2Caps%2C420&sr=8-197
Software for Data Analysis: Programming with R (Statistics and Computing),$140.38,3.7 out of 5 stars,https://www.amazon.com/Software-Data-Analysis-Programming-Statistics/dp/0387759352/ref=sr_1_198?crid=27E68Q3L17CGO&keywords=data+analysis&qid=1639660349&sprefix=data+%2Caps%2C420&sr=8-198
Python for Data Science: The Ultimate Step-by-Step Guide to Python Programming. Discover How to Master Big Data Analysis and Understand Machine Learning,$18.95,4.7 out of 5 stars,https://www.amazon.com/Python-Data-Science-Step-Step/dp/B08YJ3241D/ref=sr_1_199?crid=27E68Q3L17CGO&keywords=data+analysis&qid=1639660349&sprefix=data+%2Caps%2C420&sr=8-199
An Introduction to Statistics and Data Analysis Using Stata®: From Research Design to Final Report,$57.73,4.6 out of 5 stars,https://www.amazon.com/Introduction-Statistics-Analysis-Using-Stata%C2%AE/dp/1506371833/ref=sr_1_200?crid=27E68Q3L17CGO&keywords=data+analysis&qid=1639660349&sprefix=data+%2Caps%2C420&sr=8-200
"Logistics & Supply Chain: Logistics Strategy, Supply Chain Management Foundations, Finance Analysis, Ecommerce, Warehousing, Data Analytics, Inventory, Network Design, Operations Planning & Risk.",$0.00,1.0 out of 5 stars,https://www.amazon.com/Logistics-Supply-Chain-Foundations-Warehousing-ebook/dp/B09NMMBTBN/ref=sr_1_201?crid=27E68Q3L17CGO&keywords=data+analysis&qid=1639660349&sprefix=data+%2Caps%2C420&sr=8-201
Data Analysis Using R (Low Priced Edition): A Primer for Data Scientist,$24.99,5.0 out of 5 stars,https://www.amazon.com/Data-Analysis-Using-Low-Priced/dp/1685549594/ref=sr_1_202?crid=27E68Q3L17CGO&keywords=data+analysis&qid=1639660349&sprefix=data+%2Caps%2C420&sr=8-202
SPSS Statistics for Data Analysis and Visualization,$50.00,4.2 out of 5 stars,https://www.amazon.com/SPSS-Statistics-Data-Analysis-Visualization/dp/1119003555/ref=sr_1_203?crid=27E68Q3L17CGO&keywords=data+analysis&qid=1639660349&sprefix=data+%2Caps%2C420&sr=8-203
Using Data to Focus Instructional Improvement,$24.28,4.6 out of 5 stars,https://www.amazon.com/Using-Data-Focus-Instructional-Improvement/dp/1416614842/ref=sr_1_204?crid=27E68Q3L17CGO&keywords=data+analysis&qid=1639660349&sprefix=data+%2Caps%2C420&sr=8-204
Data Analytics: Effective Methods for Presenting Results (Data Analytics Applications),$24.57,5.0 out of 5 stars,https://www.amazon.com/Data-Analytics-Effective-Presenting-Applications-ebook/dp/B07NSDRXNF/ref=sr_1_205?crid=27E68Q3L17CGO&keywords=data+analysis&qid=1639660349&sprefix=data+%2Caps%2C420&sr=8-205
Longitudinal Data Analysis,$137.97,4.9 out of 5 stars,https://www.amazon.com/Longitudinal-Data-Analysis-Donald-Hedeker/dp/0471420271/ref=sr_1_206?crid=27E68Q3L17CGO&keywords=data+analysis&qid=1639660349&sprefix=data+%2Caps%2C420&sr=8-206
"Personal MBA: Self Management, Business, Digital Marketing, Strategy Development, Design Thinking, Personal Finance, Leadership, Success Skills, Data Analysis, Money, Analytics & Growth Mindset.",$0.00,,https://www.amazon.com/Personal-MBA-Management-Development-Leadership-ebook/dp/B09NL62G3T/ref=sr_1_207?crid=27E68Q3L17CGO&keywords=data+analysis&qid=1639660349&sprefix=data+%2Caps%2C420&sr=8-207
Data Analysis: How Data Works: How To Analyze Data,$0.00,,https://www.amazon.com/Data-Analysis-How-Works-Analyze-ebook/dp/B09CMS27YM/ref=sr_1_208?crid=27E68Q3L17CGO&keywords=data+analysis&qid=1639660349&sprefix=data+%2Caps%2C420&sr=8-208
Spatial Data Analysis in Ecology and Agriculture Using R,$54.95,5.0 out of 5 stars,https://www.amazon.com/Spatial-Analysis-Ecology-Agriculture-Using/dp/0367732327/ref=sr_1_210?crid=27E68Q3L17CGO&keywords=data+analysis&qid=1639660349&sprefix=data+%2Caps%2C420&sr=8-210
Supervised Machine Learning for Text Analysis in R (Chapman & Hall/CRC Data Science Series),$59.95,5.0 out of 5 stars,https://www.amazon.com/Supervised-Machine-Learning-Analysis-Chapman/dp/0367554194/ref=sr_1_211?crid=27E68Q3L17CGO&keywords=data+analysis&qid=1639660349&sprefix=data+%2Caps%2C420&sr=8-211
Analysis of Longitudinal Data with Example,$94.95, ,https://www.amazon.com/Analysis-Longitudinal-Data-Example-You-Gan-ebook/dp/B09NC2W392/ref=sr_1_212?crid=27E68Q3L17CGO&keywords=data+analysis&qid=1639660349&sprefix=data+%2Caps%2C420&sr=8-212
Practical Data Analysis Using Jupyter Notebook: Learn how to speak the language of data by extracting useful and actionable insights using Python,$34.99,3.8 out of 5 stars,https://www.amazon.com/Practical-Analysis-Using-Jupyter-Notebook/dp/1838826033/ref=sr_1_213?crid=27E68Q3L17CGO&keywords=data+analysis&qid=1639660349&sprefix=data+%2Caps%2C420&sr=8-213
"Data Analysis & Probability, Grades 6 - 8 (Spectrum)",$12.98,4.8 out of 5 stars,https://www.amazon.com/Data-Analysis-Probability-Grades-Spectrum/dp/0769663168/ref=sr_1_214?crid=27E68Q3L17CGO&keywords=data+analysis&qid=1639660349&sprefix=data+%2Caps%2C420&sr=8-214
The Practice of Qualitative Data Analysis: Research Examples Using MAXQDA,$19.00,5.0 out of 5 stars,https://www.amazon.com/Practice-Qualitative-Data-Analysis-Research/dp/3948768102/ref=sr_1_215?crid=27E68Q3L17CGO&keywords=data+analysis&qid=1639660349&sprefix=data+%2Caps%2C420&sr=8-215
Assessing COVID-19 and Other Pandemics and Epidemics using Computational Modelling and Data Analysis,$38.57, ,https://www.amazon.com/Assessing-Pandemics-Epidemics-Computational-Modelling-ebook/dp/B09NLQ8ZLQ/ref=sr_1_216?crid=27E68Q3L17CGO&keywords=data+analysis&qid=1639660349&sprefix=data+%2Caps%2C420&sr=8-216
Your Statistical Consultant: Answers to Your Data Analysis Questions,$28.26,4.8 out of 5 stars,https://www.amazon.com/Your-Statistical-Consultant-Analysis-Questions-ebook/dp/B00EEG5SEY/ref=sr_1_217?crid=27E68Q3L17CGO&keywords=data+analysis&qid=1639660349&sprefix=data+%2Caps%2C420&sr=8-217
Data Analysis Using SAS,$25.46,4.1 out of 5 stars,https://www.amazon.com/Data-Analysis-Using-Chao-Ying-Joanne/dp/1412956749/ref=sr_1_218?crid=27E68Q3L17CGO&keywords=data+analysis&qid=1639660349&sprefix=data+%2Caps%2C420&sr=8-218
Exploratory Data Analysis,$137.31,4.6 out of 5 stars,https://www.amazon.com/Exploratory-Data-Analysis-John-Tukey/dp/0201076160/ref=sr_1_219?crid=27E68Q3L17CGO&keywords=data+analysis&qid=1639660349&sprefix=data+%2Caps%2C420&sr=8-219
Mathematical Statistics and Data Analysis (with CD Data Sets) (Available 2010 Titles Enhanced Web Assign),$28.73,3.9 out of 5 stars,https://www.amazon.com/Mathematical-Statistics-Analysis-Available-Enhanced/dp/0534399428/ref=sr_1_221?crid=27E68Q3L17CGO&keywords=data+analysis&qid=1639660349&sprefix=data+%2Caps%2C420&sr=8-221
Introduction to Functional Data Analysis (Chapman & Hall/CRC Texts in Statistical Science),$90.21,3.5 out of 5 stars,https://www.amazon.com/Introduction-Functional-Analysis-Chapman-Statistical/dp/1498746349/ref=sr_1_222?crid=27E68Q3L17CGO&keywords=data+analysis&qid=1639660349&sprefix=data+%2Caps%2C420&sr=8-222
My Hero Academia: Ultra Analysis―The Official Character Guide,$13.08,4.8 out of 5 stars,https://www.amazon.com/My-Hero-Academia-Analysis_The-Character/dp/1974724476/ref=sr_1_223?crid=27E68Q3L17CGO&keywords=data+analysis&qid=1639660349&sprefix=data+%2Caps%2C420&sr=8-223
Data Analysis with SPSS (3rd Edition),$10.30,4.8 out of 5 stars,https://www.amazon.com/Data-Analysis-SPSS-Stephen-Sweet/dp/0205483879/ref=sr_1_224?crid=27E68Q3L17CGO&keywords=data+analysis&qid=1639660349&sprefix=data+%2Caps%2C420&sr=8-224
"Computer Science: AI, Machine Learning, Systems Analysis, Design, Bioinformatics, Human-Computer Interaction, Data Science, Stats, Simulation, Information Technology Theory, Robotics & Cybernetics.",$0.00,,https://www.amazon.com/Computer-Science-Bioinformatics-Human-Computer-Cybernetics-ebook/dp/B09NP3LKNS/ref=sr_1_226?crid=27E68Q3L17CGO&keywords=data+analysis&qid=1639660349&sprefix=data+%2Caps%2C420&sr=8-226
Mastering Power Query in Power BI and Excel: Learning real-world Power Query and M Techniques for a better data analysis (The Definitive Guide to Power Query in Power BI and Excel Book 2),$9.99,4.5 out of 5 stars,https://www.amazon.com/Mastering-Power-Query-Excel-real-world-ebook/dp/B09DTLC4S2/ref=sr_1_227?crid=27E68Q3L17CGO&keywords=data+analysis&qid=1639660349&sprefix=data+%2Caps%2C420&sr=8-227
Deep Learning: A Comprehensive Guide to Python Coding and Programming Machine Learning and Neural Networks for Data Analysis (Python Programming Deep Learning),$0.00,4.4 out of 5 stars,https://www.amazon.com/Deep-Learning-Comprehensive-Programming-Networks-ebook/dp/B085ZZ4CZX/ref=sr_1_229?crid=27E68Q3L17CGO&keywords=data+analysis&qid=1639660349&sprefix=data+%2Caps%2C420&sr=8-229
Guerrilla Data Analysis Using Microsoft Excel: 2nd Edition Covering Excel 2010/2013,$15.53,4.5 out of 5 stars,https://www.amazon.com/Guerrilla-Analysis-Using-Microsoft-Excel/dp/1615470336/ref=sr_1_230?crid=27E68Q3L17CGO&keywords=data+analysis&qid=1639660349&sprefix=data+%2Caps%2C420&sr=8-230
Analysis of Data from Randomized Controlled Trials: A Practical Guide,$28.22, ,https://www.amazon.com/Analysis-Data-Randomized-Controlled-Trials-ebook/dp/B09JLJNH6G/ref=sr_1_231?crid=27E68Q3L17CGO&keywords=data+analysis&qid=1639660349&sprefix=data+%2Caps%2C420&sr=8-231
"Introduction to Algorithms, 3rd Edition (The MIT Press)",$61.95,4.6 out of 5 stars,https://www.amazon.com/Introduction-Algorithms-3rd-MIT-Press/dp/0262033844/ref=sr_1_232?crid=27E68Q3L17CGO&keywords=data+analysis&qid=1639660349&sprefix=data+%2Caps%2C420&sr=8-232
"Cleaning Data for Effective Data Science: Doing the other 80% of the work with Python, R, and command-line tools",$39.99,5.0 out of 5 stars,https://www.amazon.com/Cleaning-Data-Effective-Science-command-line/dp/1801071292/ref=sr_1_233?crid=27E68Q3L17CGO&keywords=data+analysis&qid=1639660349&sprefix=data+%2Caps%2C420&sr=8-233
The Analysis of Biological Data,$113.06,4.7 out of 5 stars,https://www.amazon.com/Analysis-Biological-Data-Michael-Whitlock/dp/0981519407/ref=sr_1_234?crid=27E68Q3L17CGO&keywords=data+analysis&qid=1639660349&sprefix=data+%2Caps%2C420&sr=8-234
"Business: Lean Startup, Marketing Plan, Selling Strategy, Inspirational Change, Sales Management, Administration Basics, Financial Analysis, Analytics, Credit Cards, Data Science & Technology.",$0.00,,https://www.amazon.com/Business-Inspirational-Management-Administration-Technology-ebook/dp/B09NP2TV2C/ref=sr_1_235?crid=27E68Q3L17CGO&keywords=data+analysis&qid=1639660349&sprefix=data+%2Caps%2C420&sr=8-235
Practical Machine Learning for Data Analysis Using Python,$96.55,5.0 out of 5 stars,https://www.amazon.com/Practical-Machine-Learning-Analysis-Python/dp/0128213795/ref=sr_1_236?crid=27E68Q3L17CGO&keywords=data+analysis&qid=1639660349&sprefix=data+%2Caps%2C420&sr=8-236
Data Science in R: A Case Studies Approach to Computational Reasoning and Problem Solving (Chapman & Hall/CRC the R),$215.00,4.5 out of 5 stars,https://www.amazon.com/Data-Science-Approach-Computational-Reasoning/dp/1138469297/ref=sr_1_237?crid=27E68Q3L17CGO&keywords=data+analysis&qid=1639660349&sprefix=data+%2Caps%2C420&sr=8-237
Statistics: A Tool for Social Research and Data Analysis (MindTap Course List),$32.73,4.2 out of 5 stars,https://www.amazon.com/Statistics-Social-Research-Analysis-MindTap/dp/0357371070/ref=sr_1_238?crid=27E68Q3L17CGO&keywords=data+analysis&qid=1639660349&sprefix=data+%2Caps%2C420&sr=8-238
Software Architecture: The Hard Parts: Modern Trade-Off Analyses for Distributed Architectures,$51.68,5.0 out of 5 stars,https://www.amazon.com/Software-Architecture-Trade-Off-Distributed-Architectures/dp/1492086894/ref=sr_1_239?crid=27E68Q3L17CGO&keywords=data+analysis&qid=1639660349&sprefix=data+%2Caps%2C420&sr=8-239
Environmental Data Analysis with MatLab,$94.95,4.5 out of 5 stars,https://www.amazon.com/Environmental-Analysis-MatLab-William-Menke-ebook/dp/B01CZUV9KW/ref=sr_1_240?crid=27E68Q3L17CGO&keywords=data+analysis&qid=1639660349&sprefix=data+%2Caps%2C420&sr=8-240
"Java Data Analysis: Data mining, big data analysis, NoSQL, and data visualization",$38.84, ,https://www.amazon.com/Java-Data-Analysis-analysis-visualization/dp/1787285650/ref=sr_1_241?crid=27E68Q3L17CGO&keywords=data+analysis&qid=1639660355&sprefix=data+%2Caps%2C420&sr=8-241
"Python for Beginners: Learn Python with This Crash Course for Data Analysis, Machine Learning and Database Programming",$0.00, ,https://www.amazon.com/Python-Beginners-Analysis-Learning-Programming/dp/B096VXF4T3/ref=sr_1_243?crid=27E68Q3L17CGO&keywords=data+analysis&qid=1639660355&sprefix=data+%2Caps%2C420&sr=8-243
"Business: Business Startup, Marketing Plan, Selling Strategy, Sales Management, Lean Development, Administration Basics, Financial Analysis, Analytics, Credit Cards, Data Science & Technology.",$0.00,,https://www.amazon.com/Business-Management-Development-Administration-Technology-ebook/dp/B09NGF53M1/ref=sr_1_244?crid=27E68Q3L17CGO&keywords=data+analysis&qid=1639660355&sprefix=data+%2Caps%2C420&sr=8-244
Longitudinal Data Analysis (Chapman & Hall/CRC Handbooks of Modern Statistical Methods),$143.36,4.5 out of 5 stars,https://www.amazon.com/Longitudinal-Analysis-Chapman-Handbooks-Statistical/dp/1584886587/ref=sr_1_245?crid=27E68Q3L17CGO&keywords=data+analysis&qid=1639660355&sprefix=data+%2Caps%2C420&sr=8-245
"Mastering pandas: A complete guide to pandas, from installation to advanced data analysis techniques, 2nd Edition",$44.99,4.7 out of 5 stars,https://www.amazon.com/Mastering-pandas-complete-installation-techniques/dp/1789343232/ref=sr_1_246?crid=27E68Q3L17CGO&keywords=data+analysis&qid=1639660355&sprefix=data+%2Caps%2C420&sr=8-246
Certified Peer Support Specialist A Complete Guide - 2021 Edition,$99.97, ,https://www.amazon.com/Certified-Support-Specialist-Complete-Guide/dp/1867421453/ref=sr_1_247?crid=27E68Q3L17CGO&keywords=data+analysis&qid=1639660355&sprefix=data+%2Caps%2C420&sr=8-247
Data Science Foundations Tools and Techniques: Core Skills for Quantitative Analysis with R and Git (Addison-Wesley Data & Analytics Series),$43.49,4.5 out of 5 stars,https://www.amazon.com/Programming-Skills-Data-Science-Addison-Wesley/dp/0135133106/ref=sr_1_249?crid=27E68Q3L17CGO&keywords=data+analysis&qid=1639660355&sprefix=data+%2Caps%2C420&sr=8-249
Excel 2021: A Complete Guide About Excel 2021 With All-in-One Approach For Beginners,$17.38,4.6 out of 5 stars,https://www.amazon.com/Excel-2021-All-One-Beginners/dp/B097SNGM5Q/ref=sr_1_250?crid=27E68Q3L17CGO&keywords=data+analysis&qid=1639660355&sprefix=data+%2Caps%2C420&sr=8-250
Analyzing Financial Data and Implementing Financial Models Using R (Springer Texts in Business and Economics),$93.55,4.3 out of 5 stars,https://www.amazon.com/Analyzing-Financial-Implementing-Springer-Economics/dp/3319140744/ref=sr_1_251?crid=27E68Q3L17CGO&keywords=data+analysis&qid=1639660355&sprefix=data+%2Caps%2C420&sr=8-251
"Production & Operation Analysis: Production, Operation, Management, Leadership, Data, Technology, Design, Economics, Planning, Quality, Inventory Control, Data Analytics & Pipeling Fundamentals.",$0.00,,https://www.amazon.com/Production-Operation-Analysis-Management-Fundamentals-ebook/dp/B09NL3W757/ref=sr_1_253?crid=27E68Q3L17CGO&keywords=data+analysis&qid=1639660355&sprefix=data+%2Caps%2C420&sr=8-253
Bayesian Analysis of Gene Expression Data (Statistics in Practice),$104.28, ,https://www.amazon.com/Bayesian-Analysis-Expression-Statistics-Practice/dp/0470517662/ref=sr_1_254?crid=27E68Q3L17CGO&keywords=data+analysis&qid=1639660355&sprefix=data+%2Caps%2C420&sr=8-254
ggplot2: Elegant Graphics for Data Analysis (Use R),$26.21,4.4 out of 5 stars,https://www.amazon.com/ggplot2-Elegant-Graphics-Data-Analysis/dp/331924275X/ref=sr_1_255?crid=27E68Q3L17CGO&keywords=data+analysis&qid=1639660355&sprefix=data+%2Caps%2C420&sr=8-255
"Data-Driven Science and Engineering: Machine Learning, Dynamical Systems, and Control",$58.32,4.7 out of 5 stars,https://www.amazon.com/Data-Driven-Science-Engineering-Learning-Dynamical/dp/1108422098/ref=sr_1_256?crid=27E68Q3L17CGO&keywords=data+analysis&qid=1639660355&sprefix=data+%2Caps%2C420&sr=8-256
Molecular Data Analysis Using R,$41.91,5.0 out of 5 stars,https://www.amazon.com/Molecular-Data-Analysis-Using-R/dp/1119165024/ref=sr_1_257?crid=27E68Q3L17CGO&keywords=data+analysis&qid=1639660355&sprefix=data+%2Caps%2C420&sr=8-257
"Business Analysis & Strategy: Intelligence, Crisis Management, Data Visualization, Ethics, Operations, Product Management, Supply Chain, Sales, Marketing, Small Business, Training & Education.",$0.00,,https://www.amazon.com/Business-Analysis-Strategy-Intelligence-Visualization-ebook/dp/B09NJPNPHT/ref=sr_1_258?crid=27E68Q3L17CGO&keywords=data+analysis&qid=1639660355&sprefix=data+%2Caps%2C420&sr=8-258
Quantitative Analysis and Modeling of Earth and Environmental Data: Space-Time and Spacetime Data Considerations,$123.50, ,https://www.amazon.com/Quantitative-Analysis-Modeling-Earth-Environmental-ebook/dp/B09NBPF6W5/ref=sr_1_259?crid=27E68Q3L17CGO&keywords=data+analysis&qid=1639660355&sprefix=data+%2Caps%2C420&sr=8-259
Remote Sensing Data Analysis in R,$127.51,4.0 out of 5 stars,https://www.amazon.com/Remote-Sensing-Data-Analysis-R/dp/0367725622/ref=sr_1_260?crid=27E68Q3L17CGO&keywords=data+analysis&qid=1639660355&sprefix=data+%2Caps%2C420&sr=8-260
"Real Estate Market Analysis: Trends, Methods, and Information Sources, Third Edition",$43.53,4.8 out of 5 stars,https://www.amazon.com/Real-Estate-Market-Analysis-Information/dp/0874204283/ref=sr_1_261?crid=27E68Q3L17CGO&keywords=data+analysis&qid=1639660355&sprefix=data+%2Caps%2C420&sr=8-261
"Bundle: An Introduction to Statistical Methods and Data Analysis, 7th + Student Solutions Manual",$221.95,3.0 out of 5 stars,https://www.amazon.com/Bundle-Introduction-Statistical-Analysis-Solutions/dp/1337371904/ref=sr_1_262?crid=27E68Q3L17CGO&keywords=data+analysis&qid=1639660355&sprefix=data+%2Caps%2C420&sr=8-262
"Statistics, Data Analysis, and Decision Modeling",$14.99,4.1 out of 5 stars,https://www.amazon.com/Statistics-Data-Analysis-Decision-Modeling/dp/0132744287/ref=sr_1_263?crid=27E68Q3L17CGO&keywords=data+analysis&qid=1639660355&sprefix=data+%2Caps%2C420&sr=8-263
"Spatial Analysis: Statistics, Visualization, and Computational Methods",$57.50,4.0 out of 5 stars,https://www.amazon.com/Spatial-Analysis-Statistics-Visualization-Computational/dp/1498707637/ref=sr_1_264?crid=27E68Q3L17CGO&keywords=data+analysis&qid=1639660355&sprefix=data+%2Caps%2C420&sr=8-264
Computational Methods for Data Analysis (De Gruyter Textbook),$59.33, ,https://www.amazon.com/Computational-Methods-Analysis-Gruyter-Textbook-ebook/dp/B07N5GBL1L/ref=sr_1_265?crid=27E68Q3L17CGO&keywords=data+analysis&qid=1639660355&sprefix=data+%2Caps%2C420&sr=8-265
"Production & Operation Analysis: Skill Development, Management, Leadership, Data, Technology, Design, Economics, Planning, Quality, Inventory Control, Data Analytics & Pipeling Fundamentals.",$0.00,,https://www.amazon.com/Production-Operation-Analysis-Development-Fundamentals-ebook/dp/B09NHVPM83/ref=sr_1_266?crid=27E68Q3L17CGO&keywords=data+analysis&qid=1639660355&sprefix=data+%2Caps%2C420&sr=8-266
Categorical Data Analysis for the Behavioral and Social Sciences,$78.99, ,https://www.amazon.com/Categorical-Analysis-Behavioral-Social-Sciences-ebook/dp/B093249YP8/ref=sr_1_267?crid=27E68Q3L17CGO&keywords=data+analysis&qid=1639660355&sprefix=data+%2Caps%2C420&sr=8-267
"Analyzing Network Data in Biology and Medicine: An Interdisciplinary Textbook for Biological, Medical and Computational Scientists",$49.99,4.6 out of 5 stars,https://www.amazon.com/Analyzing-Network-Biology-Medicine-Interdisciplinary/dp/1108432239/ref=sr_1_268?crid=27E68Q3L17CGO&keywords=data+analysis&qid=1639660355&sprefix=data+%2Caps%2C420&sr=8-268
The Data Governance Guidebook and Playbook: By a Practitioner for Practitioners,$29.95,5.0 out of 5 stars,https://www.amazon.com/Data-Governance-Guidebook-Playbook-Practitioners/dp/1634629620/ref=sr_1_269?crid=27E68Q3L17CGO&keywords=data+analysis&qid=1639660355&sprefix=data+%2Caps%2C420&sr=8-269
Complex Survey Data Analysis With SAS,$54.95,5.0 out of 5 stars,https://www.amazon.com/Complex-Survey-Data-Analysis-SAS/dp/1032242000/ref=sr_1_270?crid=27E68Q3L17CGO&keywords=data+analysis&qid=1639660355&sprefix=data+%2Caps%2C420&sr=8-270
Protocol Analysis - Rev'd Edition: Verbal Reports as Data,$44.90,4.8 out of 5 stars,https://www.amazon.com/Protocol-Analysis-Revd-Verbal-Reports/dp/0262550237/ref=sr_1_271?crid=27E68Q3L17CGO&keywords=data+analysis&qid=1639660355&sprefix=data+%2Caps%2C420&sr=8-271
Statistical Modeling for Biomedical Researchers: A Simple Introduction to the Analysis of Complex Data,$28.16,4.2 out of 5 stars,https://www.amazon.com/Statistical-Modeling-Biomedical-Researchers-Introduction/dp/0521614805/ref=sr_1_272?crid=27E68Q3L17CGO&keywords=data+analysis&qid=1639660355&sprefix=data+%2Caps%2C420&sr=8-272
"Statistics, Data Analysis & Decision Modeling (4th Edition)",$49.95,3.9 out of 5 stars,https://www.amazon.com/Statistics-Data-Analysis-Decision-Modeling/dp/0136066003/ref=sr_1_273?crid=27E68Q3L17CGO&keywords=data+analysis&qid=1639660355&sprefix=data+%2Caps%2C420&sr=8-273
"Day Trading: Blockchain Explained, Stock Market Basics, Chart Analysis Secrets, Investing For Beginners, Cash Flow, Data Patterns, Options, Psychology, Fundamental & Technical Analysis Strategy.",$0.00,,https://www.amazon.com/Day-Trading-Blockchain-Psychology-Fundamental-ebook/dp/B09NMT4Y72/ref=sr_1_274?crid=27E68Q3L17CGO&keywords=data+analysis&qid=1639660355&sprefix=data+%2Caps%2C420&sr=8-274
Statistics and Analysis of Scientific Data (Graduate Texts in Physics),$31.18,4.6 out of 5 stars,https://www.amazon.com/Statistics-Analysis-Scientific-Graduate-Physics-ebook/dp/B01MXE7895/ref=sr_1_275?crid=27E68Q3L17CGO&keywords=data+analysis&qid=1639660355&sprefix=data+%2Caps%2C420&sr=8-275
Bioimage Data Analysis Workflows (Learning Materials in Biosciences),$0.00,4.2 out of 5 stars,https://www.amazon.com/Bioimage-Analysis-Workflows-Materials-Biosciences-ebook/dp/B07ZBJSMRP/ref=sr_1_276?crid=27E68Q3L17CGO&keywords=data+analysis&qid=1639660355&sprefix=data+%2Caps%2C420&sr=8-276
Microsoft Excel 2013 Data Analysis and Business Modeling,$20.27,4.4 out of 5 stars,https://www.amazon.com/Microsoft-Excel-Analysis-Business-Modeling/dp/0735669139/ref=sr_1_277?crid=27E68Q3L17CGO&keywords=data+analysis&qid=1639660355&sprefix=data+%2Caps%2C420&sr=8-277
Adventures in Social Research: Data Analysis Using IBM SPSS Statistics,$20.84,4.5 out of 5 stars,https://www.amazon.com/Adventures-Social-Research-Analysis-Statistics/dp/150636277X/ref=sr_1_278?crid=27E68Q3L17CGO&keywords=data+analysis&qid=1639660355&sprefix=data+%2Caps%2C420&sr=8-278
Equity Valuation and Analysis: 5th Edition,$61.11,4.2 out of 5 stars,https://www.amazon.com/Equity-Valuation-Analysis-Russell-Lundholm/dp/107998335X/ref=sr_1_279?crid=27E68Q3L17CGO&keywords=data+analysis&qid=1639660355&sprefix=data+%2Caps%2C420&sr=8-279
"Data: Data Science, Architecture, Visualization, Analytics, Governance, Modeling, Warehousing, Mining, SQL, Structures, Business Analysis, Quality Management, Marketing Strategy & Interview Answers.",$0.00,,https://www.amazon.com/Data-Architecture-Visualization-Governance-Warehousing-ebook/dp/B09NMTL9XF/ref=sr_1_280?crid=27E68Q3L17CGO&keywords=data+analysis&qid=1639660355&sprefix=data+%2Caps%2C420&sr=8-280
"Pandemia: How Coronavirus Hysteria Took Over Our Government, Rights, and Lives",$18.96,4.9 out of 5 stars,https://www.amazon.com/Pandemia-Coronavirus-Hysteria-Government-Rights/dp/1684512484/ref=sr_1_281?crid=27E68Q3L17CGO&keywords=data+analysis&qid=1639660355&sprefix=data+%2Caps%2C420&sr=8-281
Longitudinal Data Analysis for the Behavioral Sciences Using R,$100.00,4.4 out of 5 stars,https://www.amazon.com/Longitudinal-Analysis-Behavioral-Sciences-Using/dp/1412982685/ref=sr_1_282?crid=27E68Q3L17CGO&keywords=data+analysis&qid=1639660355&sprefix=data+%2Caps%2C420&sr=8-282
Data Analysis with Open Source Tools: A Hands-On Guide for Programmers and Data Scientists,$19.20,4.4 out of 5 stars,https://www.amazon.com/Data-Analysis-Source-Tools-Hands/dp/0596802358/ref=sr_1_283?crid=27E68Q3L17CGO&keywords=data+analysis&qid=1639660355&sprefix=data+%2Caps%2C420&sr=8-283
Big Data Analysis for Bioinformatics and Biomedical Discoveries (Chapman & Hall/CRC Computational Biology),$16.75, ,https://www.amazon.com/Data-Analysis-Bioinformatics-Biomedical-Discoveries/dp/0367783274/ref=sr_1_284?crid=27E68Q3L17CGO&keywords=data+analysis&qid=1639660355&sprefix=data+%2Caps%2C420&sr=8-284
A Practical Guide to Data Analysis for Physical Science Students,$9.83,3.9 out of 5 stars,https://www.amazon.com/Practical-Analysis-Physical-Science-Students-ebook/dp/B01N9JY3S6/ref=sr_1_285?crid=27E68Q3L17CGO&keywords=data+analysis&qid=1639660355&sprefix=data+%2Caps%2C420&sr=8-285
"Hands-On Exploratory Data Analysis with Python: Perform EDA techniques to understand, summarize, and investigate your data",$17.19,3.9 out of 5 stars,https://www.amazon.com/Hands-Exploratory-Data-Analysis-Python-ebook/dp/B0862CNFLZ/ref=sr_1_286?crid=27E68Q3L17CGO&keywords=data+analysis&qid=1639660355&sprefix=data+%2Caps%2C420&sr=8-286
"Big Data Application: Machine Learning, Data Life Cycle, Financial Analyst, Data Analyst, Data Science, Data Driven, Data Analysis, Information Technology,",$0.00,,https://www.amazon.com/Big-Data-Application-Information-Technology-ebook/dp/B09N91Y3CG/ref=sr_1_287?crid=27E68Q3L17CGO&keywords=data+analysis&qid=1639660355&sprefix=data+%2Caps%2C420&sr=8-287
Data Analysis and Machine Learning with Kaggle: How to compete on Kaggle and build a successful career in data science,$39.99, ,https://www.amazon.com/Data-Analysis-Machine-Learning-Kaggle/dp/1801817472/ref=sr_1_288?crid=27E68Q3L17CGO&keywords=data+analysis&qid=1639660355&sprefix=data+%2Caps%2C420&sr=8-288
"Market Segmentation Analysis: Understanding It, Doing It, and Making It Useful (Management for Professionals)",$0.00,4.4 out of 5 stars,https://www.amazon.com/Market-Segmentation-Analysis-Understanding-Professionals-ebook/dp/B07FQDSF3X/ref=sr_1_289?crid=27E68Q3L17CGO&keywords=data+analysis&qid=1639660361&sprefix=data+%2Caps%2C420&sr=8-289
"The Definitive Guide to DAX: Business Intelligence for Microsoft Power BI, SQL Server Analysis Services, and Excel Second Edition (Business Skills)",$32.58,4.7 out of 5 stars,https://www.amazon.com/Definitive-Guide-DAX-intelligence-Microsoft/dp/1509306978/ref=sr_1_290?crid=27E68Q3L17CGO&keywords=data+analysis&qid=1639660361&sprefix=data+%2Caps%2C420&sr=8-290
"Marketing: Research Methodology, Design, Methods, Analysis, Questions, Proposal, Report Writing, Quick Reference Guide Handbook, Education, Psychology, Quantitative, Qualitative and Mixed Methods.",$0.00,,https://www.amazon.com/Marketing-Methodology-Psychology-Quantitative-Qualitative-ebook/dp/B09NH3DSFK/ref=sr_1_291?crid=27E68Q3L17CGO&keywords=data+analysis&qid=1639660361&sprefix=data+%2Caps%2C420&sr=8-291
SQL for Data Analytics: Perform fast and efficient data analysis with the power of SQL,$28.49,4.4 out of 5 stars,https://www.amazon.com/SQL-Data-Analytics-efficient-analysis/dp/1789807352/ref=sr_1_292?crid=27E68Q3L17CGO&keywords=data+analysis&qid=1639660361&sprefix=data+%2Caps%2C420&sr=8-292
Excel 2021: The Step-By-Step Guide to Master Excel in Less than 30 Minutes A Crash Course with Practical Examples and Unique Smart Methods to Become an Expert Your All-In-One Guide,$19.90,5.0 out of 5 stars,https://www.amazon.com/Excel-2021-Step-Step-All/dp/B09KNGDKZN/ref=sr_1_293?crid=27E68Q3L17CGO&keywords=data+analysis&qid=1639660361&sprefix=data+%2Caps%2C420&sr=8-293
"Computational Bayesian Statistics: An Introduction (Institute of Mathematical Statistics Textbooks, Series Number 11)",$39.99,5.0 out of 5 stars,https://www.amazon.com/Computational-Bayesian-Statistics-Introduction-Mathematical/dp/1108703747/ref=sr_1_294?crid=27E68Q3L17CGO&keywords=data+analysis&qid=1639660361&sprefix=data+%2Caps%2C420&sr=8-294
Data Analysis in Sport (Routledge Studies in Sports Performance Analysis),$54.10,4.4 out of 5 stars,https://www.amazon.com/Analysis-Routledge-Studies-Sports-Performance-ebook/dp/B00OZLQ30Q/ref=sr_1_295?crid=27E68Q3L17CGO&keywords=data+analysis&qid=1639660361&sprefix=data+%2Caps%2C420&sr=8-295
Trustworthy Online Controlled Experiments: A Practical Guide to A/B Testing,$34.99,4.6 out of 5 stars,https://www.amazon.com/Trustworthy-Online-Controlled-Experiments-Practical/dp/1108724264/ref=sr_1_296?crid=27E68Q3L17CGO&keywords=data+analysis&qid=1639660361&sprefix=data+%2Caps%2C420&sr=8-296
Qualitative Data Analysis with ATLAS.ti,$42.00,4.7 out of 5 stars,https://www.amazon.com/Qualitative-Data-Analysis-with-ATLAS-ti/dp/1526458926/ref=sr_1_297?crid=27E68Q3L17CGO&keywords=data+analysis&qid=1639660361&sprefix=data+%2Caps%2C420&sr=8-297
Interactive Visual Data Analysis (AK Peters Visualization Series),$69.70, ,https://www.amazon.com/Interactive-Visual-Analysis-Peters-Visualization/dp/0367898756/ref=sr_1_298?crid=27E68Q3L17CGO&keywords=data+analysis&qid=1639660361&sprefix=data+%2Caps%2C420&sr=8-298
Practical Time Series Analysis: Prediction with Statistics and Machine Learning,$50.91,4.1 out of 5 stars,https://www.amazon.com/Practical-Time-Analysis-Prediction-Statistics/dp/1492041653/ref=sr_1_299?crid=27E68Q3L17CGO&keywords=data+analysis&qid=1639660361&sprefix=data+%2Caps%2C420&sr=8-299
Doing Bayesian Data Analysis: A Tutorial with R and BUGS,$0.00,4.7 out of 5 stars,https://www.amazon.com/Doing-Bayesian-Data-Analysis-Tutorial/dp/0123814855/ref=sr_1_300?crid=27E68Q3L17CGO&keywords=data+analysis&qid=1639660361&sprefix=data+%2Caps%2C420&sr=8-300
Python Programming: The Ultimate Guides For Making Computer Vision Using Python,$0.00,,https://www.amazon.com/Python-Programming-Ultimate-Guides-Computer-ebook/dp/B09NGPY651/ref=sr_1_301?crid=27E68Q3L17CGO&keywords=data+analysis&qid=1639660361&sprefix=data+%2Caps%2C420&sr=8-301
Linear Mixed Models: A Practical Guide Using Statistical Software,$24.30,4.8 out of 5 stars,https://www.amazon.com/Linear-Mixed-Models-Practical-Statistical-ebook/dp/B00866H4G8/ref=sr_1_305?crid=27E68Q3L17CGO&keywords=data+analysis&qid=1639660361&sprefix=data+%2Caps%2C420&sr=8-305
Tensor Computation for Data Analysis,$120.49, ,https://www.amazon.com/Tensor-Computation-Data-Analysis-Yipeng/dp/3030743853/ref=sr_1_306?crid=27E68Q3L17CGO&keywords=data+analysis&qid=1639660361&sprefix=data+%2Caps%2C420&sr=8-306
